id,sender,pubTime,title,startTime,endTime,status,level,severity,severityColor,type,typeName,urgency,certainty,text,related
10119050420260101095407915968701,如东县气象台,2026-01-01T09:54+08:00,如东县气象台发布海区大风黄色预警,2026-01-01T09:54+08:00,2026-01-02T09:54+08:00,active,黄色,Moderate,Yellow,1062,海区大风,,,如东县气象台2026年01月01日09时48分发布海区大风黄色预警信号：受较强冷空气影响，预计1日夜里到2日白天我县海区将出现9级左右的偏北大风。县应急局、县气象局提醒注意防范。,
10130110120260101060041195567452,钦州市气象台,2026-01-01T06:00+08:00,钦州市气象台发布大风蓝色预警信号,2026-01-01T06:00+08:00,2026-01-02T06:00+08:00,active,蓝色,Minor,Blue,1006,大风,,,钦州市气象台2026年1月1日6时0分发布钦南区、钦北区、中马产业园区大风蓝色预警信号：受冷空气影响，预计未来24小时钦州内陆有7级阵风，沿海及北部湾海面有7到8级阵风，请注意防范。,
10119070120260101080904951967224,盐城市气象台,2026-01-01T08:09+08:00,盐城市气象台发布海区大风黄色预警,2026-01-01T08:09+08:00,2026-01-01T20:09+08:00,active,黄色,Moderate,Yellow,1062,海区大风,,,盐城市气象台2026年01月01日08时07分发布海区大风黄色预警信号：受较强冷空气影响，预计1日夜间到2日白天我市海区将出现8到9级的偏北大风，市海事、应急、气象联合提醒做好防范。,
10131020520260101161000437208938,海南省气象局,2026-01-01T16:10+08:00,海南省气象局发布海上大风蓝色预警,2026-01-01T16:12+08:00,2026-01-02T16:12+08:00,active,蓝色,Minor,Blue,1023,海上大风,,,海南省气象局2026年01月01日16时00分发布海上大风四级预警：受冷空气影响，西沙、中沙和南沙群岛附近海面，1日夜间到4日白天，风力6-7级，阵风8-9级。本岛东部和南部海面，1日夜间到3日夜间，风力6-7级，阵风8-9级。北部湾海面，本岛西部海面，1日夜间到3日白天，风力6-7级，阵风8-9级。琼州海峡，1日夜间到2日夜间，风力6级，阵风7-8级。请出行船舶注意防范。,
10130110120260102085020565710294,钦州市气象台,2026-01-02T08:50+08:00,钦州市气象台更新大风蓝色预警信号,2026-01-02T08:50+08:00,2026-01-03T08:50+08:00,update,蓝色,Minor,Blue,1006,大风,,,钦州市气象台2026年1月2日8时50分继续发布钦南区、中马产业园区大风蓝色预警信号：受冷空气影响，预计未来24小时钦州沿海仍有6到7级阵风，北部湾海面有7到8级阵风，请注意防范。,10130110120260101060041195567452
10131020520260102090000742679813,海南省气象局,2026-01-02T09:00+08:00,海南省气象局发布海上大风蓝色预警,2026-01-02T09:03+08:00,2026-01-03T09:03+08:00,update,蓝色,Minor,Blue,1023,海上大风,,,海南省气象局2026年01月02日09时00分继续发布海上大风四级预警：受冷空气影响，西沙、中沙和南沙群岛附近海面，2日白天到4日夜间，风力6-7级，阵风8-9级。本岛东部和南部海面，2日白天到3日夜间，风力6-7级，阵风8-9级。北部湾海面，本岛西部海面，2日白天到3日白天，风力6-7级，阵风8-9级。琼州海峡，2日，风力6级，阵风7-8级。请出行船舶注意防范。,10131020520260101161000437208938
10131020520260102162500413915930,海南省气象局,2026-01-02T16:25+08:00,海南省气象局发布海上大风蓝色预警,2026-01-02T16:25+08:00,2026-01-03T16:25+08:00,update,蓝色,Minor,Blue,1023,海上大风,,,海南省气象局2026年01月02日16时20分继续发布海上大风四级预警：受冷空气影响，西沙、中沙和南沙群岛附近海面，2日夜间到5日白天，风力6-7级，阵风8-9级。本岛东部和南部海面，2日夜间到3日夜间，风力6-7级，阵风8-9级。北部湾海面，本岛西部海面，2日夜间到3日白天，风力6-7级，阵风8-9级。琼州海峡，2日夜间，风力6级，阵风7-8级。请出行船舶注意防范。,10131020520260102090000742679813
10131020520260103090000063483041,海南省气象局,2026-01-03T09:00+08:00,海南省气象局发布海上大风蓝色预警,2026-01-03T09:04+08:00,2026-01-04T09:04+08:00,update,蓝色,Minor,Blue,1023,海上大风,,,海南省气象局2026年01月03日09时10分继续发布海上大风四级预警：受冷空气影响，3日白天到夜间，西沙、中沙和南沙群岛附近海面，本岛东部和南部海面，风力6-7级，阵风8-9级；北部湾海面，本岛西部海面，风力5-6级，阵风7-8级；琼州海峡，风力5-6级，阵风7级。请出行船舶注意防范。,10131020520260102162500413915930
10131020520260103164200081914563,海南省气象局,2026-01-03T16:42+08:00,海南省气象局发布海上大风蓝色预警,2026-01-03T16:44+08:00,2026-01-04T16:44+08:00,update,蓝色,Minor,Blue,1023,海上大风,,,海南省气象局2026年01月03日16时50分继续发布海上大风四级预警：受冷空气影响，3日夜间，西沙、中沙和南沙群岛附近海面，风力6-7级，阵风8-9级；本岛东部和南部海面，风力5-6级，阵风7-8级；琼州海峡，北部湾海面，本岛西部海面，风力5级，阵风6-7级。请出行船舶注意防范。,10131020520260103090000063483041
10128130120260104155700184422696,清远市气象台,2026-01-04T15:57+08:00,清远市气象台发布森林火险红色预警,2026-01-04T15:57+08:00,2026-01-05T15:57+08:00,active,红色,Extreme,Red,1025,森林火险,,,预计未来几天清城区天气持续干燥，森林火险气象等级为五级，林内可燃物极易燃烧，森林火灾极易发生，火势蔓延速度极快，清远市气象台于1月4日15时57分将清城区森林火险橙色预警信号升级为红色，请注意森林防火和家居用火用电安全。,
10130110120260105075844930676766,钦州市气象台,2026-01-05T07:58+08:00,钦州市气象台发布大风蓝色预警信号,2026-01-05T07:58+08:00,2026-01-06T07:58+08:00,active,蓝色,Minor,Blue,1006,大风,,,钦州市气象台2026年1月5日7时58分发布钦南区、中马产业园区大风蓝色预警信号：受冷空气影响，预计未来24小时钦州沿海及北部湾海面有5-6级、阵风7级的偏北大风，请注意防范。,
10112030120260105080200161498878,淄博市气象台,2026-01-05T08:02+08:00,淄博市气象台发布大雾黄色预警,2026-01-05T08:02+08:00,2026-01-06T08:02+08:00,active,黄色,Moderate,Yellow,1017,大雾,,,淄博市气象台2026年01月05日08时02分发布大雾黄色预警信号：目前张店区房镇镇能见度已低于500米，预计今天早晨到上午，张店区、高新区、经开区的大部分乡镇、街道仍将出现能见度小于500米的浓雾，局部能见度小于200米。请注意防范。,
10119030120260106033744650873394,镇江市气象台,2026-01-06T03:37+08:00,镇江市气象台发布大雾黄色预警,2026-01-06T03:37+08:00,2026-01-06T15:37+08:00,active,黄色,Moderate,Yellow,1017,大雾,,,镇江市气象台2026年01月06日03时37分发布大雾黄色预警信号：预计今天凌晨到上午，我市大部分地区将出现能见度小于500米、局部小于200米的浓雾或强浓雾。市应急局和气象局提醒注意防范。,
10130110120260106071450985170698,钦州市气象台,2026-01-06T07:14+08:00,钦州市气象台更新大风蓝色预警信号,2026-01-06T07:14+08:00,2026-01-07T07:14+08:00,update,蓝色,Minor,Blue,1006,大风,,,钦州市气象台2026年1月6日7时14分继续发布钦南区、中马产业园区大风蓝色预警信号：受冷空气影响，预计未来24小时钦州沿海及北部湾海面有5到6级、阵风7到8级偏北大风，请注意防范。,10130110120260105075844930676766
10120040120260106130114825119983,孝感市气象台,2026-01-06T13:01+08:00,孝感市气象台发布大风蓝色预警,2026-01-06T13:01+08:00,2026-01-07T13:01+08:00,active,蓝色,Minor,Blue,1006,大风,,,孝感市气象台2026年01月06日13时01分发布大风蓝色预警信号：预计今天午后到夜间，我市大部地区将出现3～4级偏北风，阵风5～7级，局地可达8级以上，请注意防范。,
10131020520260107084800101434948,海南省气象局,2026-01-07T08:48+08:00,海南省气象局发布寒冷蓝色预警,2026-01-07T08:49+08:00,2026-01-08T08:49+08:00,active,蓝色,Minor,Blue,1034,寒冷,,,海南省气象局2026年01月07日09时00分发布寒冷四级预警：受较强冷空气影响，预计7日夜间至9日夜间，澄迈、临高、定安、儋州、白沙、屯昌、琼中和五指山8个市县的大部分乡镇最低气温将降至10℃及以下，请有关单位和人员做好防范工作。,
10131020520260107110307104937311,儋州市气象台,2026-01-07T11:03+08:00,儋州市气象台发布寒冷橙色预警,2026-01-07T11:03+08:00,2026-01-08T11:03+08:00,active,橙色,Severe,Orange,1034,寒冷,,,儋州市气象台2026年01月07日11时03分发布寒冷橙色预警信号：受冷空气影响，预计07日夜间到08日凌晨，我市那大镇、和庆镇、南丰镇、雅星镇、兰洋镇最低气温将小于10℃，建议有关单位和人员做好防范工作。,
10130110120260107163000923241268,广西壮族自治区气象台,2026-01-07T16:30+08:00,广西壮族自治区气象台发布霜冻蓝色预警信号,2026-01-07T16:30+08:00,2026-01-08T16:30+08:00,active,蓝色,Minor,Blue,1016,霜冻,,,广西区气象台2026年01月07日16时30分发布霜冻蓝色预警，预计：明天早晨，桂林、柳州、贺州、河池、来宾、梧州、贵港、南宁、百色等市及玉林市北部的部分地区有霜冻或冰冻。各地最低气温：高寒山区-5℃～1℃，桂东北1～5℃，其它地区4～9℃。请注意防范。,
10131020520260107161700353229485,海南省气象局,2026-01-07T16:17+08:00,海南省气象局发布寒冷蓝色预警,2026-01-07T16:21+08:00,2026-01-08T16:21+08:00,update,蓝色,Minor,Blue,1034,寒冷,,,海南省气象局2026年01月07日16时30分继续发布寒冷四级预警：受较强冷空气影响，预计7日夜间至9日夜间，澄迈、临高、定安、儋州、白沙、屯昌、琼中和五指山8个市县的大部分乡镇最低气温将降至10℃及以下，请有关单位和人员做好防范工作。,10131020520260107084800101434948
10131020520260108094407009159877,儋州市气象台,2026-01-08T09:44+08:00,儋州市气象台发布寒冷橙色预警,2026-01-08T09:44+08:00,2026-01-09T09:44+08:00,update,橙色,Severe,Orange,1034,寒冷,,,儋州市气象台2026年01月08日09时44分继续发布寒冷橙色预警信号：受较强冷空气影响，预计08日夜间到09日早晨，我市各乡镇最低气温将小于10℃，建议有关单位和人员做好防范工作。,10131020520260107110307104937311
10131020520260108093800656240236,海南省气象局,2026-01-08T09:38+08:00,海南省气象局发布寒冷黄色预警,2026-01-08T09:39+08:00,2026-01-09T09:39+08:00,update,黄色,Moderate,Yellow,1034,寒冷,,,"海南省气象局2026年01月08日09时30分提升寒冷四级预警为寒冷三级预警：受较强冷空气影响，1月7日08时至8日08时，全岛18个市县共162个乡镇(区)的最低气温低于10℃, 琼中、临高、五指山、海口、澄迈、儋州、乐东、屯昌、白沙、定安、保亭、昌江和文昌13个市县共53个乡镇(区)的最低气温低于7℃, 最低为琼中县红毛镇2.8℃。预计8日夜间，澄迈、临高、儋州、白沙、屯昌、琼中和五指山7个市县部分乡镇的最低气温仍将降至7℃及以下，海口和定安2个市县大部分乡镇的最低气温仍将降至10℃及以下，请有关单位和人员做好防范工作。",10131020520260107161700353229485
10130110120260108163000735635926,广西壮族自治区气象台,2026-01-08T16:30+08:00,广西壮族自治区气象台更新霜冻蓝色预警信号,2026-01-08T16:30+08:00,2026-01-09T16:30+08:00,update,蓝色,Minor,Blue,1016,霜冻,,,广西区气象台2026年1月8日16时30分继续发布霜冻蓝色预警，预计：明天早晨，桂林、柳州、贺州、河池、来宾、梧州、贵港、玉林等市的部分地区有霜冻或冰冻。各地最低气温：高寒山区-3℃～1℃，桂东北1～5℃，其它地区4～10℃。请注意防范。,10130110120260107163000923241268
10112030120260108155600947445953,山东省气象台,2026-01-08T15:56+08:00,山东省气象台发布陆地大风蓝色预警,2026-01-08T15:56+08:00,2026-01-09T16:18+08:00,active,蓝色,Minor,Blue,1006,大风,,,"山东省气象台于1月8日16时00分发布陆地大风蓝色预警：受气旋和冷空气影响，预计9—11日，我省将出现大风天气。滨州、东营、潍坊、日照、内陆湖面和半岛地区9日夜间到11日白天北风5～7级阵风8～9级，其他内陆地区9日夜间到10日白天北风4～5级阵风7～8级。另外，大风影响期间，全省大部地区有扬沙或浮尘。
此次大风过程风力大、持续时间长、影响范围广，具有一定极端性。大风对交通运输、农业生产、高空作业、文旅和户外活动等影响较大，农业设施大棚、临时搭建物、广告牌等有倒塌或坠落风险，请提前做好防范工作。",
10131020520260108163000956986887,海南省气象局,2026-01-08T16:30+08:00,海南省气象局发布寒冷黄色预警,2026-01-08T16:31+08:00,2026-01-09T16:31+08:00,update,黄色,Moderate,Yellow,1034,寒冷,,,海南省气象局2026年01月08日16时40分继续发布寒冷三级预警：受较强冷空气影响，预计8日夜间，澄迈、临高、儋州、白沙、屯昌、琼中和五指山7个市县部分乡镇的最低气温仍将降至7℃及以下，海口和定安2个市县大部分乡镇的最低气温仍将降至10℃及以下，请有关单位和人员做好防范工作。,10131020520260108093800656240236
10119050420260109091558194814713,江苏省气象台,2026-01-09T09:15+08:00,江苏省气象台发布海区大风黄色预警,2026-01-09T09:15+08:00,2026-01-10T09:15+08:00,active,黄色,Moderate,Yellow,1062,海区大风,,,"江苏省气象台2026年01月09日09时12分发布海区大风黄色预警：
受冷空气影响，预计10日到11日白天，连云港海区、盐城海区和南通海区将出现阵风9-10级的偏北大风。省应急厅（省防减救灾办）、省气象局提醒注意防范。",
10119030120260109091558794941587,江苏省气象台,2026-01-09T09:15+08:00,江苏省气象台发布海区大风黄色预警,2026-01-09T09:15+08:00,2026-01-10T09:15+08:00,active,黄色,Moderate,Yellow,1062,海区大风,,,"江苏省气象台2026年01月09日09时12分发布海区大风黄色预警：
受冷空气影响，预计10日到11日白天，连云港海区、盐城海区和南通海区将出现阵风9-10级的偏北大风。省应急厅（省防减救灾办）、省气象局提醒注意防范。",
10112030120260109061900763635809,山东省气象台,2026-01-09T06:19+08:00,山东省气象台继续发布陆地大风蓝色预警,2026-01-09T06:19+08:00,2026-01-10T06:19+08:00,update,蓝色,Minor,Blue,1006,大风,,,山东省气象台于1月9日06时00分继续发布陆地大风蓝色预警：受气旋和冷空气影响，预计9—11日，我省将出现大风天气。滨州、东营、潍坊、日照、内陆湖面和半岛地区9日白天到夜间南风4～5级阵风7～8级转北风5～7级阵风8～9级，10日白天到11日白天北风5～7级阵风8～9级；其他地区9日白天到夜间南风转北风4～5级阵风7～8级，10日白天北风4～5级阵风7级。,10112030120260108155600947445953
10131020520260109091400891157939,海南省气象局,2026-01-09T09:14+08:00,海南省气象局发布寒冷黄色预警,2026-01-09T09:14+08:00,2026-01-10T09:14+08:00,update,黄色,Moderate,Yellow,1034,寒冷,,,"海南省气象局2026年01月09日09时20分继续发布寒冷三级预警：受较强冷空气影响，1月8日08时至9日08时，全岛18个市县共175个乡镇(区)最低气温低于10℃, 除陵水外共17个市县共88个乡镇(区)最低气温低于7℃, 琼中、五指山、临高、澄迈、海口、儋州、屯昌、东方、保亭、白沙、定安和昌江12个市县共24个乡镇(区)最低气温低于5℃, 最低为琼中县黎母山镇1.5℃。预计9日夜间，澄迈、临高、白沙、屯昌、琼中和五指山6个市县部分乡镇的最低气温仍将降至7℃及以下，儋州、海口、定安、文昌、昌江和乐东6个市县大部分乡镇的最低气温仍将降至10℃及以下，请有关单位和人员做好防范工作。",10131020520260108163000956986887
10119070120260109091558042339863,江苏省气象台,2026-01-09T09:15+08:00,江苏省气象台发布海区大风黄色预警,2026-01-09T09:15+08:00,2026-01-10T09:15+08:00,active,黄色,Moderate,Yellow,1062,海区大风,,,"江苏省气象台2026年01月09日09时12分发布海区大风黄色预警：
受冷空气影响，预计10日到11日白天，连云港海区、盐城海区和南通海区将出现阵风9-10级的偏北大风。省应急厅（省防减救灾办）、省气象局提醒注意防范。",
10119040420260109091558505242795,江苏省气象台,2026-01-09T09:15+08:00,江苏省气象台发布海区大风黄色预警,2026-01-09T09:15+08:00,2026-01-10T09:15+08:00,active,黄色,Moderate,Yellow,1062,海区大风,,,"江苏省气象台2026年01月09日09时12分发布海区大风黄色预警：
受冷空气影响，预计10日到11日白天，连云港海区、盐城海区和南通海区将出现阵风9-10级的偏北大风。省应急厅（省防减救灾办）、省气象局提醒注意防范。",
10112030120260109121100276301945,淄博市气象台,2026-01-09T12:11+08:00,淄博市气象台发布大风蓝色预警,2026-01-09T12:11+08:00,2026-01-10T12:11+08:00,active,蓝色,Minor,Blue,1006,大风,,,淄博市气象台2026年01月09日12时11分发布大风蓝色预警信号：预计9日下午到10日白天，张店区、高新区、经开区的全部乡镇、街道将出现平均风力4～6级阵风7～8级的大风天气。夜间受冷空气影响，气温下降，11日早晨最低气温-9℃左右，局部可达-11℃，11日白天最高气温1℃左右；12日气温将明显回升。另外，大风影响期间，部分时段有扬沙或浮尘。请注意防范。,
10131020520260109092708237778087,儋州市气象台,2026-01-09T09:27+08:00,儋州市气象台发布寒冷橙色预警,2026-01-09T09:27+08:00,2026-01-10T09:27+08:00,update,橙色,Severe,Orange,1034,寒冷,,,儋州市气象台2026年01月09日09时27分继续发布寒冷橙色预警信号：受强冷空气影响，预计9日夜间到10日早晨，我市大部分乡镇最低气温将小于10℃，建议有关单位和人员做好防范工作。,10131020520260107110307104937311
10119050420260109160606673559657,如东县气象台,2026-01-09T16:06+08:00,如东县气象台发布海区大风黄色预警,2026-01-09T16:06+08:00,2026-01-10T16:06+08:00,active,黄色,Moderate,Yellow,1062,海区大风,,,如东县气象台2026年01月09日16时00分发布海区大风黄色预警信号：受较强冷空气影响，预计10-11日我县海区将出现9-10级偏北大风。县应急局、县气象局提醒注意防范。,
10130110120260109160510682886091,钦州市气象台,2026-01-09T16:05+08:00,钦州市气象台更新霜冻蓝色预警信号,2026-01-09T16:05+08:00,2026-01-10T16:05+08:00,update,蓝色,Minor,Blue,1016,霜冻,,,钦州市气象台2026年1月9日16时5分继续发布钦北区、钦南区霜冻蓝色预警信号：预计未来24小时内钦北区、钦南区部分乡镇最低气温将降至4℃以下，山区和野外低洼地区可能出现霜冻，将对农业产生影响，请注意防范。,10130110120260108160102170412101
10112030120260109161700972370572,山东省气象台,2026-01-09T16:17+08:00,山东省气象台继续发布陆地大风蓝色预警,2026-01-09T16:17+08:00,2026-01-10T16:17+08:00,update,蓝色,Minor,Blue,1006,大风,,,山东省气象台于1月9日16时00分继续发布陆地大风蓝色预警：受气旋和冷空气影响，预计9—11日，我省将出现大风天气。滨州、东营、潍坊、日照、内陆湖面和半岛地区9日夜间南风4～5级阵风7～8级转北风5～7级阵风8～9级，10日白天到11日白天北风5～7级阵风8～9级；其他地区9日夜间南风转北风4～5级阵风7～8级，10日白天北风4～5级阵风6～7级减弱到3～4级。9日夜间到10日白天，全省大部地区有扬沙或浮尘。,10112030120260108155600947445953
10131020520260109163700722738060,海南省气象局,2026-01-09T16:37+08:00,海南省气象局发布寒冷黄色预警,2026-01-09T16:38+08:00,2026-01-10T16:38+08:00,update,黄色,Moderate,Yellow,1034,寒冷,,,海南省气象局2026年01月09日16时40分继续发布寒冷三级预警：受较强冷空气影响，预计9日夜间，澄迈、临高、白沙、琼中、屯昌和五指山6个市县部分乡镇的最低气温仍将降至7℃及以下，海口、定安、儋州、文昌、昌江、保亭和乐东7个市县大部分乡镇的最低气温仍将降至10℃及以下，请有关单位和人员做好防范工作。,10131020520260109091400891157939
10119070120260109150133120388057,盐城市气象台,2026-01-09T15:01+08:00,盐城市气象台发布海区大风黄色预警,2026-01-09T15:01+08:00,2026-01-10T03:01+08:00,active,黄色,Moderate,Yellow,1062,海区大风,,,盐城市气象台2026年01月09日15时00分发布海区大风黄色预警信号：受冷空气影响，预计10日早晨到11日白天我市海区将出现9到10级的偏北大风，市海事、应急、气象联合提醒做好防范。,
10112030120260110061200712708878,山东省气象台,2026-01-10T06:12+08:00,山东省气象台继续发布陆地大风蓝色预警,2026-01-10T06:12+08:00,2026-01-11T06:12+08:00,update,蓝色,Minor,Blue,1006,大风,,,山东省气象台于1月10日06时00分继续发布陆地大风蓝色预警：预计，10日白天到夜间，滨州、东营、潍坊、日照、内陆湖面和半岛地区北风5～7级阵风8～9级，其他地区北风4～5级阵风7～8级减弱到3～4级；11日白天到夜间，滨州、东营、潍坊、日照和半岛地区北风转南风5～6级阵风7～8级，其他地区北风3～4级转南风4～5级阵风6～8级。,10112030120260109161700972370572
10131020520260110094839634112929,儋州市气象台,2026-01-10T09:48+08:00,儋州市气象台发布寒冷黄色预警,2026-01-10T09:48+08:00,2026-01-11T09:48+08:00,update,黄色,Moderate,Yellow,1034,寒冷,,,儋州市气象台2026年01月10日09时48分变更寒冷橙色预警信号为寒冷黄色预警信号：受较强冷空气影响，预计10日夜间到11日早晨，我市大部分乡镇最低气温将小于15℃，建议有关单位和人员做好防范工作。,10131020520260107110307104937311
10131020520260110093900044400787,海南省气象局,2026-01-10T09:39+08:00,海南省气象局发布寒冷蓝色预警,2026-01-10T09:39+08:00,2026-01-11T09:39+08:00,update,蓝色,Minor,Blue,1034,寒冷,,,"海南省气象局2026年01月10日09时50分将寒冷三级预警降为寒冷四级预警：受较强冷空气影响，1月9日08时至10日08时，全岛18个市县共170个乡镇(区)最低气温低于10℃，琼中、五指山、临高、澄迈、保亭、昌江、海口、儋州、白沙、屯昌、定安、东方、乐东和文昌14个市县共57个乡镇(区)最低气温低于7℃, 琼中、五指山、临高、澄迈、保亭、昌江、海口和儋州8个市县共11个乡镇(区)最低气温低于5℃， 最低为琼中县黎母山镇2.1℃。预计10日夜间，五指山、白沙、琼中和澄迈4个市县大部分乡镇的最低气温仍将降至10℃以下，请有关单位和人员做好防范工作。",10131020520260109163700722738060
10119050420260110193910652808604,如东县气象台,2026-01-10T19:39+08:00,如东县气象台发布海区大风黄色预警,2026-01-10T19:39+08:00,2026-01-11T19:39+08:00,update,黄色,Moderate,Yellow,1062,海区大风,,,如东县气象台2026年01月10日19时36分继续发布海区大风黄色预警信号：受较强冷空气影响，预计10日夜里到11日我县海区将出现7级阵风9-10级的偏北大风。县应急局、县气象局提醒注意防范。,10119050420260109160606673559657
10112030120260110161600697156937,山东省气象台,2026-01-10T16:16+08:00,山东省气象台继续发布陆地大风蓝色预警,2026-01-10T16:16+08:00,2026-01-11T16:16+08:00,update,蓝色,Minor,Blue,1006,大风,,,山东省气象台于1月10日16时00分继续发布陆地大风蓝色预警：预计，滨州、东营、潍坊、日照和半岛地区10日夜间北风5～7级阵风8～9级减弱到4～5级阵风6～7级，11日白天转南风4级阵风5～6级；其他地区10日夜间北风4级阵风5～6级，11日白天转南风3～4级。,10112030120260110061200712708878
10131020520260110164300197247299,海南省气象局,2026-01-10T16:43+08:00,海南省气象局发布寒冷蓝色预警,2026-01-10T16:43+08:00,2026-01-11T16:43+08:00,update,蓝色,Minor,Blue,1034,寒冷,,,海南省气象局2026年01月10日16时50分继续发布寒冷四级预警：受较强冷空气影响，预计10日夜间，五指山、白沙、琼中和澄迈4个市县大部分乡镇的最低气温仍将降至10℃以下，请有关单位和人员做好防范工作。,10131020520260110093900044400787
10119070120260110151714623185673,盐城市气象台,2026-01-10T15:17+08:00,盐城市气象台发布海区大风黄色预警,2026-01-10T15:17+08:00,2026-01-11T03:17+08:00,update,黄色,Moderate,Yellow,1062,海区大风,,,盐城市气象台2026年01月10日15时16分继续发布海区大风黄色预警信号：受冷空气影响，预计今天下午到明天白天我市海区仍将出现9到10级的偏北大风，市海事、应急、气象联合提醒做好防范。,10119070120260109150133120388057
10131020520260111090430357568859,儋州市气象台,2026-01-11T09:04+08:00,儋州市气象台发布寒冷黄色预警,2026-01-11T09:04+08:00,2026-01-12T09:04+08:00,update,黄色,Moderate,Yellow,1034,寒冷,,,儋州市气象台2026年01月11日09时04分继续发布寒冷黄色预警信号：受较强冷空气影响，预计11日夜间到12日早晨，我市大部分乡镇最低气温将小于15℃，建议有关单位和人员做好防范工作。,10131020520260110094839634112929
10131020520260111084800974910146,海南省气象局,2026-01-11T08:48+08:00,海南省气象局发布寒冷蓝色预警,2026-01-11T08:54+08:00,2026-01-12T08:54+08:00,update,蓝色,Minor,Blue,1034,寒冷,,,"海南省气象局2026年01月11日08时50分继续发布寒冷四级预警：受较强冷空气影响，1月10日08时至11日08时，18个市县共141个乡镇(区)最低气温低于10℃, 琼中、临高、乐东、五指山、澄迈、定安、屯昌、白沙、儋州、海口、昌江、东方和保亭13个市县共25个乡镇(区)最低气温低于7℃, 琼中、临高和乐东3个市县共4个乡镇(区)最低气温低于5℃, 最低为琼中县红毛镇3.7℃。预计11日夜间，五指山、白沙、琼中和澄迈4个市县大部分乡镇的最低气温仍将降至10℃以下，请有关单位和人员做好防范工作。",10131020520260110164300197247299
10131020520260111163500407542620,海南省气象局,2026-01-11T16:35+08:00,海南省气象局发布寒冷蓝色预警,2026-01-11T16:36+08:00,2026-01-12T16:36+08:00,update,蓝色,Minor,Blue,1034,寒冷,,,海南省气象局2026年01月11日16时40分继续发布寒冷四级预警：受较强冷空气影响，预计11日夜间，五指山、白沙、琼中和澄迈4个市县大部分乡镇的最低气温仍将降至10℃以下，请有关单位和人员做好防范工作。,10131020520260111084800974910146
10131020520260112094213283894243,儋州市气象台,2026-01-12T09:42+08:00,儋州市气象台发布寒冷黄色预警,2026-01-12T09:42+08:00,2026-01-13T09:42+08:00,update,黄色,Moderate,Yellow,1034,寒冷,,,儋州市气象台2026年01月12日09时42分继续发布寒冷黄色预警信号：受较强冷空气影响，预计12日夜间到13日早晨，我市大部分乡镇最低气温将小于15℃，建议有关单位和人员做好防范工作。,10131020520260107110307104937311
10131020520260113093133266775559,儋州市气象台,2026-01-13T09:31+08:00,儋州市气象台发布寒冷黄色预警,2026-01-13T09:31+08:00,2026-01-14T09:31+08:00,update,黄色,Moderate,Yellow,1034,寒冷,,,儋州市气象台2026年01月13日09时31分继续发布寒冷黄色预警信号：受较强冷空气影响，预计13日夜间到14日凌晨，我市大部分乡镇最低气温将小于15℃，建议有关单位和人员做好防范工作。,10131020520260112094213283894243
10119050420260115231247293037944,如东县气象台,2026-01-15T23:12+08:00,如东县气象台发布海区大雾橙色预警,2026-01-15T23:12+08:00,2026-01-16T11:12+08:00,active,橙色,Severe,Orange,1065,海区大雾,,,如东县气象台2026年01月15日23时06分发布海区大雾橙色预警信号：预计今天夜里到明天上午我县沿岸海区将出现能见度不足200米的强浓雾，局部不足50米的特强浓雾。县应急局、县气象局提醒注意防范。,
10119050420260115225926774891221,如东县气象台,2026-01-15T22:59+08:00,如东县气象台发布大雾橙色预警,2026-01-15T22:59+08:00,2026-01-16T10:59+08:00,active,橙色,Severe,Orange,1017,大雾,,,如东县气象台2026年01月15日22时50分发布大雾橙色预警信号：预计今天夜里到明天早晨我县长沙、城中、洋口、苴镇等部分镇（区、街道）和沿岸海区将出现能见度小于200米的强浓雾，预计大雾将于明天8时前后消散。县应急局、县气象局提醒做好防范。,
10119050420260116053613450989522,南通市气象台,2026-01-16T05:36+08:00,南通市气象台发布海区大雾橙色预警,2026-01-16T05:36+08:00,2026-01-16T17:36+08:00,active,橙色,Severe,Orange,1065,海区大雾,,,南通市气象台2026年01月16日05时33分发布海区大雾橙色预警信号。预计16日早晨前后我市沿岸海区将出现能见度小于200米的强浓雾。市应急局、市气象局提醒注意防范。,
10119050420260116053007003384742,南通市气象台,2026-01-16T05:30+08:00,南通市气象台发布大雾橙色预警,2026-01-16T05:30+08:00,2026-01-16T17:30+08:00,active,橙色,Severe,Orange,1017,大雾,,,南通市气象台2026年01月16日05时29分发布大雾橙色预警信号。目前我市如东、通州、海门和启东已出现能见度不足200米的强浓雾，预计16日早晨前后我市中东部地区将出现能见度不足200米的强浓雾，尤其是启东和海门的部分乡镇将出现能见度不足50米的特强浓雾。能见度低，市应急局、市气象局提醒注意防范。,
10130110120260116052034206182603,钦州市气象台,2026-01-16T05:20+08:00,钦州市气象台发布大雾橙色预警信号,2026-01-16T05:20+08:00,2026-01-17T05:20+08:00,active,橙色,Severe,Orange,1017,大雾,,,钦州市气象台2026年1月16日5时20分发布中马产业园区、钦南区大雾橙色预警信号：预计6小时内中马产业园区和钦南区部分乡镇、沿海地区及近海海面将出现能见度小于200米的浓雾天气，将对航运交通等造成不利影响，请注意防范。,
10131020520260116065619111396959,儋州市气象台,2026-01-16T06:56+08:00,儋州市气象台发布大雾橙色预警,2026-01-16T06:56+08:00,2026-01-17T06:56+08:00,active,橙色,Severe,Orange,1017,大雾,,,儋州市气象台2026年01月16日06时56分发布大雾橙色预警信号：环岛西线高速（儋州市洋浦）路段、万洋高速（儋州市兰洋至大成）路段06时56分到09时可能出现能见度小于200米的雾，将对经过环岛西线高速（儋州市洋浦）路段、万洋高速（儋州市兰洋至大成）路段的车辆造成影响，建议交通部门注意做好防范措施。,
10119070120260116064704714032308,盐城市气象台,2026-01-16T06:47+08:00,盐城市气象台发布大雾橙色预警,2026-01-16T06:47+08:00,2026-01-16T12:47+08:00,update,橙色,Severe,Orange,1017,大雾,,,盐城市气象台2026年01月16日06时42分升级发布大雾橙色预警信号：预计今天早晨到上午我市响水、滨海、射阳、亭湖、大丰、东台的部分镇（街道）可能出现能见度不足200米的强浓雾，局部不足50米的特强浓雾，市应急、气象联合提醒做好防范。,10119070120260116045836429879714
10112030120260116102600470183585,山东省气象台,2026-01-16T10:26+08:00,山东省气象台发布低温黄色预警,2026-01-16T10:26+08:00,2026-01-17T10:58+08:00,active,黄色,Moderate,Yellow,1056,低温,,,山东省气象台于1月16日10时00分发布低温黄色预警：受强冷空气和暖湿气流共同影响，预计17日夜间至19日夜间我省将出现寒潮、雨雪冰冻和大风降温天气。16日起我省气温持续下降，过程降温幅度：10～12℃，局部地区超过14℃。20日早晨最低气温：鲁西北和鲁中山区-16～-14℃，局部低于-18℃，沿海地区-8～-6℃，其他地区-10～-8℃。21—25日，仍有低于-12℃的低温天气。！,
10112030120260116102500620556166,山东省气象台,2026-01-16T10:25+08:00,山东省气象台发布道路结冰橙色预警,2026-01-16T10:25+08:00,2026-01-16T16:46+08:00,active,橙色,Severe,Orange,1021,道路结冰,,,山东省气象台于1月16日10时30分发布道路结冰橙色预警：17日夜间至19日夜间，我省将出现大范围雨雪天气，过程累积平均降水量8～15毫米，积雪深度3～8厘米，最大可达12厘米以上，将出现对交通有较大影响的道路结冰。,
10112030120260116102400419869833,山东省气象台,2026-01-16T10:24+08:00,山东省气象台发布寒潮黄色预警,2026-01-16T10:24+08:00,2026-01-17T10:55+08:00,active,黄色,Moderate,Yellow,1005,寒潮,,,山东省气象台于1月16日10时30分发布寒潮黄色预警：受强冷空气和暖湿气流共同影响，预计17日夜间至19日夜间我省将出现寒潮、雨雪冰冻和大风降温天气，16日起我省气温持续下降，过程降温幅度：10～12℃，局部地区超过14℃。20日早晨最低气温：鲁西北和鲁中山区-16～-14℃，局部低于-18℃，沿海地区-8～-6℃，其他地区-10～-8℃。21—25日仍有低于-12℃的低温天气。18—19日将出现偏北大风，滨州、东营、潍坊、日照、内陆湖面和半岛地区5～6级阵风7～8级，其他内陆地区4～5级阵风6～7级。,
10112030120260116102200521229614,山东省气象台,2026-01-16T10:22+08:00,山东省气象台发布暴雪蓝色预警,2026-01-16T10:22+08:00,2026-01-16T22:41+08:00,active,蓝色,Minor,Blue,1004,暴雪,,,山东省气象台于1月16日10时30分发布暴雪蓝色预警：17日夜间至19日夜间，我省将出现大范围雨雪天气，过程累积平均降水量8～15毫米。其中，17日夜间，鲁西北、鲁中和半岛地区有小雪或雨夹雪，鲁南地区有小雨；18日白天到19日夜间，济南、泰安、淄博和潍坊有大雪到暴雪，菏泽、济宁、枣庄、临沂和日照有小雨或雨夹雪转大雪局部暴雪，聊城、德州、滨州、东营、烟台、威海和青岛有中到大雪，鲁中山区局部有冻雨。,
10119050420260116171443503778587,如东县气象台,2026-01-16T17:14+08:00,如东县气象台发布大雾橙色预警,2026-01-16T17:14+08:00,2026-01-17T05:14+08:00,active,橙色,Severe,Orange,1017,大雾,,,如东县气象台2026年01月16日17时09分发布大雾橙色预警信号：预计16日傍晚到17日早晨我县苴镇、洋口、长沙、大豫等部分镇（区、街道）仍将出现能见度小于200米的强浓雾、局部小于50米的特强浓雾。县应急局、县气象局提醒注意防范。,
10119050420260116165908380151875,如东县气象台,2026-01-16T16:59+08:00,如东县气象台发布海区大雾橙色预警,2026-01-16T16:59+08:00,2026-01-17T04:59+08:00,update,橙色,Severe,Orange,1065,海区大雾,,,如东县气象台2026年01月16日16时51分继续发布海区大雾橙色预警信号：预计16日傍晚到17日上午我县沿岸海区仍将出现能见度小于200米的强浓雾、局部小于50米的特强浓雾。县应急局、县气象局提醒注意防范。,10119050420260115231247293037944
10130110120260116200649301137127,钦州市气象台,2026-01-16T20:06+08:00,钦州市气象台发布大雾黄色预警信号,2026-01-16T20:06+08:00,2026-01-17T20:06+08:00,active,黄色,Moderate,Yellow,1017,大雾,,,钦州市气象台2026年1月16日20时6分发布中马产业园区、钦南区大雾黄色预警信号：预计12小时内中马产业园区和钦南区部分乡镇、沿海地区及近海海面将出现能见度小于500米的大雾天气，将对航运交通等造成不利影响，请注意防范。,
10112030120260116173100947987882,淄博市气象台,2026-01-16T17:31+08:00,淄博市气象台发布寒潮黄色预警,2026-01-16T17:31+08:00,2026-01-17T17:31+08:00,active,黄色,Moderate,Yellow,1005,寒潮,,,淄博市气象台2026年01月16日17时31分发布寒潮黄色预警信号：受强冷空气影响，预计16—22日张店区、高新区、经开区的全部乡镇、街道将出现寒潮天气。16日开始气温持续下降，过程降温幅度10～12℃，20—23日早晨最低气温-13℃～-10℃，18—21日最高气温-4～0℃。此外，18日夜间到19日白天，北风4级阵风6到7级。请注意防范。,
10119070120260116170357859899802,盐城市气象台,2026-01-16T17:03+08:00,盐城市气象台发布大雾橙色预警,2026-01-16T17:03+08:00,2026-01-16T23:03+08:00,active,橙色,Severe,Orange,1017,大雾,,,盐城市气象台2026年01月16日16时59分发布大雾橙色预警信号：目前我市东部沿海部分地区已经出现能见度小于200米的强浓雾，预计今天傍晚到上半夜我市响水、滨海、射阳、亭湖、经济开发区、盐南高新区、大丰、东台的大部分镇（街道）将出现能见度不足200米的强浓雾，局部不足50米的特强浓雾，市应急、气象联合提醒做好防范。,
10119070120260116151958615517534,盐城市气象台,2026-01-16T15:19+08:00,盐城市气象台发布海区大雾橙色预警,2026-01-16T15:19+08:00,2026-01-17T03:19+08:00,active,橙色,Severe,Orange,1065,海区大雾,,,盐城市气象台2026年01月16日15时17分发布海区大雾橙色预警信号：预计今天下午到夜里我市海区将出现能见度低于200米的海雾。市海事、应急、气象联合提醒做好防范。,
10119040420260117013027809898273,昆山市气象台,2026-01-17T01:30+08:00,昆山市气象台发布大雾橙色预警,2026-01-17T01:30+08:00,2026-01-18T01:30+08:00,active,橙色,Severe,Orange,1017,大雾,,,昆山市气象台2026年01月17日01时29分发布大雾橙色预警信号：目前我市能见度持续下降，预计今天凌晨到上午我市部分区镇（街道），尤其是巴城、周市、开发区、高新区、张浦、陆家、千灯等将出现能见度不足200米的强浓雾、局部不足50米的特强浓雾。市应急局、气象局联合提醒注意防范。,
10130110120260117073000466750247,广西壮族自治区气象台,2026-01-17T07:30+08:00,广西壮族自治区气象台发布大雾蓝色预警信号,2026-01-17T07:30+08:00,2026-01-18T07:30+08:00,active,蓝色,Minor,Blue,1017,大雾,,,广西气象台2026年1月17日07时30分发布大雾蓝色预警，预计：未来24小时，桂林、柳州、河池、百色、南宁、来宾、贺州、防城港、钦州、北海等市的部分地区有能见度不足1000米的雾，局地有能见度不足200米的强浓雾。请注意防范。,
10112030120260117070500290873787,山东省气象台,2026-01-17T07:05+08:00,山东省气象台继续发布低温黄色预警,2026-01-17T07:05+08:00,2026-01-18T07:05+08:00,update,黄色,Moderate,Yellow,1056,低温,,,山东省气象台于1月17日06时00分继续发布低温黄色预警：受强冷空气和暖湿气流共同影响，预计17日夜间至19日夜间我省将出现寒潮、雨雪冰冻和大风降温天气。我省气温将继续下降，过程降温幅度：10～12℃，局部地区超过14℃。20日早晨最低气温：鲁西北和鲁中山区-15～-10℃，沿海地区-8～-6℃，其他地区-10～-8℃。21—25日仍有低于-12℃的低温天气。,10112030120260116102600470183585
10112030120260117065300498074554,山东省气象台,2026-01-17T06:53+08:00,山东省气象台继续发布寒潮黄色预警,2026-01-17T06:53+08:00,2026-01-18T07:02+08:00,update,黄色,Moderate,Yellow,1005,寒潮,,,山东省气象台于1月17日06时00分继续发布寒潮黄色预警：受强冷空气和暖湿气流共同影响，预计17日夜间至19日夜间我省将出现寒潮、雨雪冰冻和大风降温天气。我省气温将继续下降，过程降温幅度：10～12℃，局部地区超过14℃。20日早晨最低气温：鲁西北和鲁中山区-15～-10℃，沿海地区-8～-6℃，其他地区-10～-8℃。21—25日仍有低于-12℃的低温天气。,10112030120260116102400419869833
10112030120260117064900256387653,山东省气象台,2026-01-17T06:49+08:00,山东省气象台继续发布道路结冰橙色预警,2026-01-17T06:49+08:00,2026-01-17T12:49+08:00,update,橙色,Severe,Orange,1021,道路结冰,,,山东省气象台于1月17日06时00分继续发布道路结冰橙色预警：受强冷空气和暖湿气流共同影响，预计17日夜间至19日夜间我省将出现寒潮、雨雪冰冻和大风降温天气，过程累积平均降水量8～15毫米，积雪深度3～8厘米，最大可达12厘米以上，将出现对交通有较大影响的道路结冰。,10112030120260116102500620556166
10112030120260117064700741171170,山东省气象台,2026-01-17T06:47+08:00,山东省气象台继续发布暴雪蓝色预警,2026-01-17T06:47+08:00,2026-01-17T18:47+08:00,update,蓝色,Minor,Blue,1004,暴雪,,,山东省气象台于1月17日06时00分继续发布暴雪蓝色预警：受强冷空气和暖湿气流共同影响，预计17日夜间至19日夜间我省将出现寒潮、雨雪冰冻和大风降温天气，过程累积平均降水量8～15毫米，积雪深度3～8厘米，最大可达12厘米以上，将出现对交通有较大影响的道路结冰。,10112030120260116102200521229614
10130110120260117173000749298110,广西壮族自治区气象台,2026-01-17T17:30+08:00,广西壮族自治区气象台更新大雾蓝色预警信号,2026-01-17T17:30+08:00,2026-01-18T17:30+08:00,update,蓝色,Minor,Blue,1017,大雾,,,广西区气象台2026年1月17日17时30分继续发布大雾蓝色预警，预计：未来24小时，桂林、柳州、河池、百色、南宁、来宾、贺州、防城港、钦州、北海等市的部分地区有能见度不足1000米的雾，局地有能见度不足200米的强浓雾。请注意防范。,10130110120260117073000466750247
10112030120260117190000925631528,淄博市气象台,2026-01-17T19:00+08:00,淄博市气象台发布道路结冰橙色预警,2026-01-17T19:00+08:00,2026-01-18T19:00+08:00,active,橙色,Severe,Orange,1021,道路结冰,,,淄博市气象台2026年01月17日19时00分发布道路结冰橙色预警信号：预计今天夜间至18日夜间，张店区、高新区、经开区的全部乡镇、街道将出现明显降雪天气，积雪深度4～8厘米。随着气温的下降，将出现对交通有较大影响的积雪和道路结冰。请注意防范。,
10112030120260117163800923938413,山东省气象台,2026-01-17T16:38+08:00,山东省气象台继续发布寒潮黄色预警,2026-01-17T16:38+08:00,2026-01-18T16:38+08:00,update,黄色,Moderate,Yellow,1005,寒潮,,,山东省气象台于1月17日16时00分继续发布寒潮黄色预警：受强冷空气和暖湿气流共同影响，预计17日夜间至19日夜间我省将出现寒潮、雨雪冰冻和大风降温天气。气温继续下降，过程降温幅度：10～12℃，局部地区超过14℃。20—24日有持续低温天气，全省大部地区最低气温将维持在-10℃以下，其中21—22日早晨最低气温：鲁西北、鲁中山区和鲁南地区-16～-14℃，局部低于-18℃，沿海地区-8～-6℃，其他地区-12～-10℃。,10112030120260117065300498074554
10112030120260117163800701759453,山东省气象台,2026-01-17T16:38+08:00,山东省气象台继续发布暴雪蓝色预警,2026-01-17T16:38+08:00,2026-01-18T04:40+08:00,update,蓝色,Minor,Blue,1004,暴雪,,,山东省气象台于1月17日16时00分继续发布暴雪蓝色预警：受强冷空气和暖湿气流共同影响，预计17日夜间至19日夜间我省将出现寒潮、雨雪冰冻和大风降温天气，过程累积平均降水量6～12毫米，积雪深度3～8厘米，最大可达10厘米以上，将出现对交通有较大影响的积雪和道路结冰。,10112030120260117064700741171170
10112030120260117163700098557185,山东省气象台,2026-01-17T16:37+08:00,山东省气象台继续发布低温黄色预警,2026-01-17T16:37+08:00,2026-01-18T16:37+08:00,update,黄色,Moderate,Yellow,1056,低温,,,山东省气象台于1月17日16时00分继续发布低温黄色预警：受强冷空气和暖湿气流共同影响，预计17日夜间至19日夜间我省将出现寒潮、雨雪冰冻和大风降温天气。气温继续下降，过程降温幅度：10～12℃，局部地区超过14℃。20—24日有持续低温天气，全省大部地区最低气温将维持在-10℃以下，其中21—22日早晨最低气温：鲁西北、鲁中山区和鲁南地区-16～-14℃，局部低于-18℃，沿海地区-8～-6℃，其他地区-12～-10℃。,10112030120260117070500290873787
10130110120260118073820851571668,钦州市气象台,2026-01-18T07:38+08:00,钦州市气象台发布大雾黄色预警信号,2026-01-18T07:38+08:00,2026-01-19T07:38+08:00,active,黄色,Moderate,Yellow,1017,大雾,,,钦州市气象台2026年1月18日7时38分发布钦南区、钦北区、中马产业园区大雾黄色预警信号：目前，钦州沿海及部分乡镇已出现能见度小于500米的大雾天气，并可能持续，请注意防范。,
10112030120260118063700533093225,山东省气象台,2026-01-18T06:37+08:00,山东省气象台继续发布暴雪蓝色预警,2026-01-18T06:37+08:00,2026-01-18T18:41+08:00,update,蓝色,Minor,Blue,1004,暴雪,,,山东省气象台于1月18日06时00分继续发布暴雪蓝色预警：受强冷空气和暖湿气流共同影响，17日夜间菏泽、济宁、济南、滨州、东营、淄博、潍坊、泰安和临沂已出现雨雪天气，最大降水量0.6毫米，出现在菏泽。预计18日白天至19日夜间，寒潮、雨雪冰冻和大风降温天气仍将持续，过程累积平均降水量4～8毫米，积雪深度2～6厘米，最大可达8厘米以上，将出现对交通有较大影响的积雪和道路结冰。,10112030120260116102200521229614
10112030120260118063700558229002,山东省气象台,2026-01-18T06:37+08:00,山东省气象台继续发布道路结冰橙色预警,2026-01-18T06:37+08:00,2026-01-18T12:42+08:00,update,橙色,Severe,Orange,1021,道路结冰,,,山东省气象台于1月18日06时00分继续发布道路结冰橙色预警：受强冷空气和暖湿气流共同影响，17日夜间菏泽、济宁、济南、滨州、东营、淄博、潍坊、泰安和临沂已出现雨雪天气，最大降水量0.6毫米，出现在菏泽。预计18日白天至19日夜间，寒潮、雨雪冰冻和大风降温天气仍将持续，过程累积平均降水量4～8毫米，积雪深度2～6厘米，最大可达8厘米以上，将出现对交通有较大影响的积雪和道路结冰。,10112030120260116102500620556166
10112030120260118063600606768827,山东省气象台,2026-01-18T06:36+08:00,山东省气象台继续发布寒潮黄色预警,2026-01-18T06:36+08:00,2026-01-19T06:42+08:00,update,黄色,Moderate,Yellow,1005,寒潮,,,山东省气象台于1月18日06时00分继续发布寒潮黄色预警：受强冷空气和暖湿气流共同影响，17日夜间菏泽、济宁、济南、滨州、东营、淄博、潍坊、泰安和临沂已出现雨雪天气，最大降水量0.6毫米，出现在菏泽。预计18日白天至19日夜间，寒潮、雨雪冰冻和大风降温天气仍将持续，气温继续下降，过程降温幅度：10～12℃，局部地区超过14℃。20—24日有持续低温天气，全省大部地区最低气温将维持在-10℃以下，其中22日早晨最低气温：鲁西北、鲁中山区和鲁南地区-12～-10℃，局部低于-14℃，沿海地区-6～-4℃，其他地区-10～-8℃。,10112030120260117163800923938413
10112030120260118063500941367448,山东省气象台,2026-01-18T06:35+08:00,山东省气象台继续发布低温黄色预警,2026-01-18T06:35+08:00,2026-01-19T06:42+08:00,update,黄色,Moderate,Yellow,1056,低温,,,山东省气象台于1月18日06时00分继续发布低温黄色预警：受强冷空气和暖湿气流共同影响，17日夜间菏泽、济宁、济南、滨州、东营、淄博、潍坊、泰安和临沂已出现雨雪天气，最大降水量0.6毫米，出现在菏泽。预计18日白天至19日夜间，寒潮、雨雪冰冻和大风降温天气仍将持续，气温继续下降，过程降温幅度：10～12℃，局部地区超过14℃。20—24日有持续低温天气，全省大部地区最低气温将维持在-10℃以下，其中22日早晨最低气温：鲁西北、鲁中山区和鲁南地区-12～-10℃，局部低于-14℃，沿海地区-6～-4℃，其他地区-10～-8℃。,10112030120260117163700098557185
10119050420260118095204370475163,江苏省气象台,2026-01-18T09:52+08:00,江苏省气象台发布海区大风黄色预警,2026-01-18T09:52+08:00,2026-01-19T09:52+08:00,active,黄色,Moderate,Yellow,1062,海区大风,,,江苏省气象台2026年01月18日09时50分发布海区大风黄色预警： 受强冷空气影响，预计18日夜里到19日，连云港海区、盐城海区和南通海区将出现阵风9级左右的偏北大风。省应急厅（省防减救灾办）、省气象局提醒注意防范。,
10119050420260118094112331590008,江苏省气象台,2026-01-18T09:41+08:00,江苏省气象台发布寒潮黄色预警,2026-01-18T09:41+08:00,2026-01-20T09:41+08:00,active,黄色,Moderate,Yellow,1005,寒潮,,,"江苏省气象台2026年01月18日09时40分发布寒潮黄色预警：
受强冷空气影响，预计19-21日，徐州、宿迁、淮安、扬州、泰州、南京、镇江和常州地区48小时最低气温将下降10℃左右，连云港、盐城、南通、无锡和苏州地区48小时最低气温将下降8～9℃，并伴有陆上7-8级，江河湖库及近海海面8-9级的偏北大风。省应急厅（省防减救灾办）、省气象局提醒注意防范。",
10119030120260118104253200414394,镇江市气象台,2026-01-18T10:42+08:00,镇江市气象台发布寒潮蓝色预警,2026-01-18T10:42+08:00,2026-01-20T10:42+08:00,active,蓝色,Minor,Blue,1005,寒潮,,,镇江市气象台2026年01月18日10时37分发布寒潮蓝色预警信号：受强冷空气影响，预计18-20日全市各区大部分街道（镇）48小时内最低气温将下降8℃以上，并伴有7级左右偏北大风，21-23日最低气温可达-4～-6℃，有严重冰冻。市应急局和气象局提醒注意防范。,
10119030120260118095204995151127,江苏省气象台,2026-01-18T09:52+08:00,江苏省气象台发布海区大风黄色预警,2026-01-18T09:52+08:00,2026-01-19T09:52+08:00,active,黄色,Moderate,Yellow,1062,海区大风,,,江苏省气象台2026年01月18日09时50分发布海区大风黄色预警： 受强冷空气影响，预计18日夜里到19日，连云港海区、盐城海区和南通海区将出现阵风9级左右的偏北大风。省应急厅（省防减救灾办）、省气象局提醒注意防范。,
10119030120260118094112205837690,江苏省气象台,2026-01-18T09:41+08:00,江苏省气象台发布寒潮黄色预警,2026-01-18T09:41+08:00,2026-01-20T09:41+08:00,active,黄色,Moderate,Yellow,1005,寒潮,,,"江苏省气象台2026年01月18日09时40分发布寒潮黄色预警：
受强冷空气影响，预计19-21日，徐州、宿迁、淮安、扬州、泰州、南京、镇江和常州地区48小时最低气温将下降10℃左右，连云港、盐城、南通、无锡和苏州地区48小时最低气温将下降8～9℃，并伴有陆上7-8级，江河湖库及近海海面8-9级的偏北大风。省应急厅（省防减救灾办）、省气象局提醒注意防范。",
10120040120260118111443840327559,湖北省气象台,2026-01-18T11:14+08:00,湖北省气象台发布寒潮蓝色预警,2026-01-18T20:00+08:00,2026-01-19T20:00+08:00,active,蓝色,Minor,Blue,1005,寒潮,,,湖北省气象台2026年01月18日11时14分发布寒潮大风蓝色省级预警：预计18日20时至21日08时，我省将出现寒潮大风天气，大部分地区平均气温下降7～12℃，其中恩施、宜昌、神农架、武汉、鄂州、黄冈、黄石、咸宁下降10～12℃，黄冈、咸宁局地降幅可达14℃以上，21日早晨最低气温北部-6～-3℃、南部-3～-1℃；期间伴有4～6级偏北风，阵风7～9级。请注意加强防范！,
10119070120260118102337207103430,盐城市气象台,2026-01-18T10:23+08:00,盐城市气象台发布海区大风黄色预警,2026-01-18T10:23+08:00,2026-01-19T22:23+08:00,active,黄色,Moderate,Yellow,1062,海区大风,,,盐城市气象台2026年01月18日10时22分发布海区大风黄色预警信号：受强冷空气影响，预计18日夜里到20日上午，盐城海区将出现阵风9级左右的偏北大风，市海事、应急、气象联合提醒做好防范。,
10119070120260118101509735415054,盐城市气象台,2026-01-18T10:15+08:00,盐城市气象台发布寒潮黄色预警,2026-01-18T10:15+08:00,2026-01-19T10:15+08:00,active,黄色,Moderate,Yellow,1005,寒潮,,,盐城市气象台2026年01月18日10时13分发布寒潮黄色预警信号：受强冷空气影响，预计18-20日我市响水、滨海、阜宁、建湖、射阳、亭湖、经济开发区、盐都、盐南高新区、大丰、东台的大部分镇（街道）48小时最低气温将下降10℃左右，21-23日早晨最低气温-8～-6℃，有严重冰冻，并伴有陆上7～8级、海区8～9级的偏北大风。市应急、气象联合提醒做好防范。,
10119040420260118095204020117410,江苏省气象台,2026-01-18T09:52+08:00,江苏省气象台发布海区大风黄色预警,2026-01-18T09:52+08:00,2026-01-19T09:52+08:00,active,黄色,Moderate,Yellow,1062,海区大风,,,江苏省气象台2026年01月18日09时50分发布海区大风黄色预警： 受强冷空气影响，预计18日夜里到19日，连云港海区、盐城海区和南通海区将出现阵风9级左右的偏北大风。省应急厅（省防减救灾办）、省气象局提醒注意防范。,
10119040420260118094112277084127,江苏省气象台,2026-01-18T09:41+08:00,江苏省气象台发布寒潮黄色预警,2026-01-18T09:41+08:00,2026-01-20T09:41+08:00,active,黄色,Moderate,Yellow,1005,寒潮,,,"江苏省气象台2026年01月18日09时40分发布寒潮黄色预警：
受强冷空气影响，预计19-21日，徐州、宿迁、淮安、扬州、泰州、南京、镇江和常州地区48小时最低气温将下降10℃左右，连云港、盐城、南通、无锡和苏州地区48小时最低气温将下降8～9℃，并伴有陆上7-8级，江河湖库及近海海面8-9级的偏北大风。省应急厅（省防减救灾办）、省气象局提醒注意防范。",
10119050420260118144724111168277,如东县气象台,2026-01-18T14:47+08:00,如东县气象台发布寒潮蓝色预警,2026-01-18T14:47+08:00,2026-01-20T14:47+08:00,active,蓝色,Minor,Blue,1005,寒潮,,,如东县气象台2026年01月18日14时43分发布寒潮蓝色预警信号：受强冷空气影响，预计19到21日我县大部分地区48小时最低气温将下降8℃左右，21到23日早晨最低气温-3到-5℃，有冰冻；19到20日伴有陆上5～7级、沿海地区6～8级、海区7～9级的偏北大风。县应急局、县气象局提醒注意防范。,
10119050420260118144244688223879,如东县气象台,2026-01-18T14:42+08:00,如东县气象台发布海区大风黄色预警,2026-01-18T14:42+08:00,2026-01-19T14:42+08:00,active,黄色,Moderate,Yellow,1062,海区大风,,,如东县气象台2026年01月18日14时40分发布海区大风黄色预警信号：受强冷空气影响，预计19到20日如东海区将出现9级左右的偏北大风。县应急局、县气象局提醒注意防范。,
10130110120260118180000458152210,广西壮族自治区气象台,2026-01-18T18:00+08:00,广西壮族自治区气象台发布寒潮蓝色预警信号,2026-01-18T18:00+08:00,2026-01-19T18:00+08:00,active,蓝色,Minor,Blue,1005,寒潮,,,广西区气象台2026年1月18日18时00分发布寒潮四级预警，预计：19日夜间-22日，受强冷空气持续影响，我区将有一次寒潮低温雨雪冰冻天气过程，各地降温剧烈，桂北降温10～14℃、局地16℃以上，将出现寒潮天气；桂南降温8～11℃，局地有寒潮天气；最低气温出现在22日，高寒山区-7～-1℃，桂北-1～4℃，桂中4～7℃，桂南7～11℃；高寒山区和桂北部分地区有冻雨、雨夹雪、雪、冰冻和道路结冰；桂东部分地区和沿海有5～6级、阵风7～8级的偏北风，北部湾海面风力达5～6级、阵风7～8级。请注意防范,
10130110120260118173000484740126,广西壮族自治区气象台,2026-01-18T17:30+08:00,广西壮族自治区气象台更新大雾蓝色预警信号,2026-01-18T17:30+08:00,2026-01-19T17:30+08:00,update,蓝色,Minor,Blue,1017,大雾,,,广西区气象台2026年1月18日17时30分继续发布大雾蓝色预警，预计：未来24小时，防城港、钦州、北海、崇左、南宁、贵港、来宾、玉林、河池、桂林、柳州等市的部分地区有能见度不足1000米的雾，局地有能见度不足200米的强浓雾。请注意防范。,10130110120260117173000749298110
10120040120260118153204140634089,湖北省气象台,2026-01-18T15:32+08:00,湖北省气象台发布低温雨雪冰冻橙色预警,2026-01-18T20:00+08:00,2026-01-19T20:00+08:00,active,橙色,Severe,Orange,1030,低温雨雪冰冻,,,湖北省气象台2026年01月18日15时32分发布低温雨雪冰冻橙色省级预警：预计1月18日20时至19日20时，十堰、襄阳、神农架、恩施北部、宜昌、荆门、荆州、天门、潜江、仙桃、随州、孝感、武汉北部、黄冈北部将先后由雨转为冻雨、雪（冰粒），其中十堰、襄阳、神农架、随州、恩施北部、宜昌北部、荆门北部、孝感北部、黄冈西部将出现积雪，上述地区最低气温≤0℃，请注意防范。,
10112030120260118163700416331641,淄博市气象台,2026-01-18T16:37+08:00,淄博市气象台发布低温黄色预警,2026-01-18T16:37+08:00,2026-01-19T16:37+08:00,active,黄色,Moderate,Yellow,1056,低温,,,淄博市气象台2026年01月18日16时37分发布低温黄色预警信号：受强冷空气影响，气温持续下降。预计20至22日，张店区、高新区、经开区的全部乡镇、街道的最低气温降至-13～-11℃。请注意防范。,
10112030120260118160700880961139,山东省气象台,2026-01-18T16:07+08:00,山东省气象台继续发布道路结冰橙色预警,2026-01-18T16:07+08:00,2026-01-18T22:07+08:00,update,橙色,Severe,Orange,1021,道路结冰,,,山东省气象台于1月18日16时00分继续发布道路结冰橙色预警：预计18日夜间至19日夜间，寒潮、雨雪冰冻和大风降温天气仍将持续，鲁南地区有雨夹雪转小到中雪，鲁西北地区局部有小雪，其他地区有小雪，将出现对交通有较大影响的积雪和道路结冰。请注意防范！,10112030120260116102500620556166
10112030120260118160500504905687,山东省气象台,2026-01-18T16:05+08:00,山东省气象台继续发布寒潮黄色预警,2026-01-18T16:05+08:00,2026-01-19T16:06+08:00,update,黄色,Moderate,Yellow,1005,寒潮,,,山东省气象台于1月18日16时00分继续发布寒潮黄色预警：预计18日夜间至19日夜间，寒潮、雨雪冰冻和大风降温天气仍将持续，鲁南地区有雨夹雪转小到中雪，鲁西北地区局部有小雪，其他地区有小雪，将出现对交通有较大影响的积雪和道路结冰。气温继续下降，20—23日有持续低温天气，全省大部地区最低气温将维持在-10℃以下，其中21日和22日早晨最低气温：鲁西北、鲁中山区和半岛内陆地区-12～-10℃，局部低于-14℃，沿海地区-6～-4℃，其他地区-10～-8℃。,10112030120260118063600606768827
10119070120260118171214788289752,盐城市气象台,2026-01-18T17:12+08:00,盐城市气象台发布大风蓝色预警,2026-01-18T17:12+08:00,2026-01-19T17:12+08:00,active,蓝色,Minor,Blue,1006,大风,,,盐城市气象台2026年01月18日17时11分发布大风蓝色预警信号：预计19日我市响水、滨海、射阳、亭湖、大丰、东台的东部镇（街道）将出现8级左右阵风，市应急、气象联合提醒做好防范。,
10119040420260118154628400445481,昆山市气象台,2026-01-18T15:46+08:00,昆山市气象台发布寒潮蓝色预警,2026-01-18T15:46+08:00,2026-01-20T15:46+08:00,active,蓝色,Minor,Blue,1005,寒潮,,,昆山市气象台2026年01月18日15时43分发布寒潮蓝色预警信号：受强冷空气影响，预计19-21日我市大部分区镇（街道）48小时最低气温将下降8～9℃，21-23日早晨最低气温零下3～零下4℃，有冰冻或严重冰冻。强冷空气影响期间伴有陆上5～7级、水面8级的偏北大风。市应急局、气象局联合提醒注意防范。,
10112030120260119061000996327847,山东省气象台,2026-01-19T06:10+08:00,山东省气象台继续发布道路结冰橙色预警,2026-01-19T06:10+08:00,2026-01-19T12:10+08:00,update,橙色,Severe,Orange,1021,道路结冰,,,山东省气象台于1月19日06时00分继续发布道路结冰橙色预警：预计19日白天到夜间，寒潮、雨雪冰冻和大风降温天气仍将持续，鲁南地区有小雪局部中雪，鲁中地区局部有小雪转晴，半岛地区有小雪，将出现对交通有较大影响的积雪和道路结冰。气温继续下降，20—22日有持续低温天气，全省大部地区最低气温将维持在-10℃以下，其中21日和22日早晨最低气温：鲁西北、鲁中山区和半岛内陆地区-12～-10℃，局部低于-14℃，沿海地区-6～-4℃，其他地区-10～-7℃。,10112030120260116102500620556166
10112030120260119060800970390651,山东省气象台,2026-01-19T06:08+08:00,山东省气象台继续发布寒潮黄色预警,2026-01-19T06:08+08:00,2026-01-20T06:09+08:00,update,黄色,Moderate,Yellow,1005,寒潮,,,山东省气象台于1月19日06时00分继续发布寒潮黄色预警：预计19日白天到夜间，寒潮、雨雪冰冻和大风降温天气仍将持续，鲁南地区有小雪局部中雪，鲁中地区局部有小雪转晴，半岛地区有小雪，将出现对交通有较大影响的积雪和道路结冰。气温继续下降，20—22日有持续低温天气，全省大部地区最低气温将维持在-10℃以下，其中21日和22日早晨最低气温：鲁西北、鲁中山区和半岛内陆地区-12～-10℃，局部低于-14℃，沿海地区-6～-4℃，其他地区-10～-7℃。,10112030120260118160500504905687
10112030120260119060700714069353,山东省气象台,2026-01-19T06:07+08:00,山东省气象台继续发布低温黄色预警,2026-01-19T06:07+08:00,2026-01-20T06:07+08:00,update,黄色,Moderate,Yellow,1056,低温,,,山东省气象台于1月19日06时00分继续发布低温黄色预警：预计19日白天到夜间，寒潮、雨雪冰冻和大风降温天气仍将持续，鲁南地区有小雪局部中雪，鲁中地区局部有小雪转晴，半岛地区有小雪，将出现对交通有较大影响的积雪和道路结冰。气温继续下降，20—22日有持续低温天气，全省大部地区最低气温将维持在-10℃以下，其中21日和22日早晨最低气温：鲁西北、鲁中山区和半岛内陆地区-12～-10℃，局部低于-14℃，沿海地区-6～-4℃，其他地区-10～-7℃。,10112030120260116102600470183585
10120040120260119101843373643955,孝感市气象台,2026-01-19T10:18+08:00,孝感市气象台发布道路结冰黄色预警,2026-01-19T10:18+08:00,2026-01-20T10:18+08:00,active,黄色,Moderate,Yellow,1021,道路结冰,,,孝感市气象台2026年01月19日10时18分发布道路结冰黄色预警信号：预计今天到后天上午，受降雪和低温影响，我市将出现对交通有影响的积雪和道路结冰，请注意防范。,
10119070120260119121454030128400,盐城市气象台,2026-01-19T12:14+08:00,盐城市气象台发布海区大风黄色预警,2026-01-19T12:14+08:00,2026-01-21T00:14+08:00,update,黄色,Moderate,Yellow,1062,海区大风,,,盐城市气象台2026年01月19日12时12分继续发布海区大风黄色预警信号：受强冷空气影响，预计今天中午到明天上午，盐城海区仍将出现阵风9级左右的偏北大风，市海事、应急、气象联合提醒做好防范。,10119070120260118102337207103430
10119070120260119115039999392088,盐城市气象台,2026-01-19T11:50+08:00,盐城市气象台发布道路结冰黄色预警,2026-01-19T11:50+08:00,2026-01-19T23:50+08:00,active,黄色,Moderate,Yellow,1021,道路结冰,,,盐城市气象台2026年01月19日11时49分发布道路结冰黄色预警信号：预计未来24小时我市响水、滨海、阜宁、建湖、射阳、亭湖、经济开发区、盐都、盐南高新区、大丰、东台的大部分镇（街道）将出现对交通有影响的道路结冰，市应急、气象联合提醒做好防范。,
10119050420260119170220085318998,如东县气象台,2026-01-19T17:02+08:00,如东县气象台发布道路结冰黄色预警,2026-01-19T17:02+08:00,2026-01-20T17:02+08:00,active,黄色,Moderate,Yellow,1021,道路结冰,,,如东县气象台2026年01月19日16时58分发布道路结冰黄色预警信号：预计19日夜里到20日我县双甸、袁庄、岔河等大部分地区将出现对交通有影响的道路结冰。县应急局、县气象局提醒注意防范。,
10119050420260119163731455810897,南通市气象台,2026-01-19T16:37+08:00,南通市气象台发布海区大风黄色预警,2026-01-19T16:37+08:00,2026-01-20T16:37+08:00,update,黄色,Moderate,Yellow,1062,海区大风,,,南通市气象台2026年01月19日16时36分继续发布海区大风黄色预警信号。受强冷空气影响，预计19日傍晚到20日我市沿岸海区仍将出现9级左右的偏北大风。市应急局、市气象局提醒注意防范。,10119050420260118143441388481492
10119030120260119172908152349991,镇江市气象台,2026-01-19T17:29+08:00,镇江市气象台发布道路结冰黄色预警,2026-01-19T17:29+08:00,2026-01-20T05:29+08:00,active,黄色,Moderate,Yellow,1021,道路结冰,,,镇江市气象台2026年01月19日17时27分发布道路结冰黄色预警信号：预计今天夜里到明天，全市大部分街道（镇）将出现对交通有影响的道路结冰，市应急局和气象局提醒注意防范。,
10130110120260119170000092033258,广西壮族自治区气象台,2026-01-19T17:00+08:00,广西壮族自治区气象台更新寒潮黄色预警信号,2026-01-19T17:00+08:00,2026-01-20T17:00+08:00,update,黄色,Moderate,Yellow,1005,寒潮,,,"广西区气象台2026年1月19日17时00分将寒潮蓝色预警提升为黄色,预计：19日夜间-22日，受强冷空气持续影响，我区将有一次寒潮低温雨雪冰冻天气过程，各地降温剧烈，桂北降温10～14℃局地16℃以上，将出现寒潮天气；桂南降温8～11℃，局地有寒潮天气；最低气温出现在22日，高寒山区-7～-1℃桂北-1～4℃桂中4～7℃桂南7～11℃；高寒山区和桂北部分地区有冻雨、雨夹雪、雪、冰冻和道路结冰；桂东部分地区和沿海有5～6级阵风7～8级的偏北风，北部湾海面风力达5～6级阵风7～8级。请注意防范。",10130110120260118180000458152210
10130110120260119170000753294988,广西壮族自治区气象台,2026-01-19T17:00+08:00,广西壮族自治区气象台发布冰冻黄色预警信号,2026-01-19T17:00+08:00,2026-01-20T17:00+08:00,active,黄色,Moderate,Yellow,1027,冰冻,,,广西区气象台2026年1月19日17时00分发布冰冻黄色预警，预计：未来24小时，高寒山区和桂林、柳州、河池、贺州等市局地有冰冻、冻雨和道路结冰。最低气温：高寒山区-4～0℃，桂北0～7℃，桂中、桂南7～16℃。请注意防范。,
10128130120260119170600965885619,清远市气象台,2026-01-19T17:06+08:00,清远市气象台发布寒冷黄色预警,2026-01-19T17:06+08:00,2026-01-20T17:06+08:00,active,黄色,Moderate,Yellow,1034,寒冷,,,预计强冷空气将于明天中午前后抵达清城区，气温显著下降，体感转寒冷，清远市气象台1月19日17时06分发布清城区寒冷黄色预警信号，请注意防寒保暖。,
10120040120260119163925143778599,湖北省气象台,2026-01-19T16:39+08:00,湖北省气象台发布暴雪黄色预警,2026-01-19T20:00+08:00,2026-01-20T20:00+08:00,active,黄色,Moderate,Yellow,1004,暴雪,,,湖北省气象台2026年01月19日16时39分发布暴雪黄色省级预警：预计1月19日20时至20日20时，襄阳、神农架、恩施、宜昌、随州、荆门、荆州、孝感、天仙潜、武汉、鄂州、黄冈、黄石、咸宁部分地区有中到大雪、局地暴雪，积雪深度2～5厘米，山区5～10厘米，局地10厘米以上，请注意防范。,
10120040120260119153829118149331,湖北省气象台,2026-01-19T15:38+08:00,湖北省气象台发布低温雨雪冰冻橙色预警,2026-01-19T20:00+08:00,2026-01-20T20:00+08:00,active,橙色,Severe,Orange,1030,低温雨雪冰冻,,,湖北省气象台2026年01月19日15时38分发布低温雨雪冰冻橙色省级预警：预计1月19日20时至20日20时，十堰、襄阳、神农架、随州、恩施、宜昌、荆门、孝感北部、黄冈北部将出现积雪，其中荆州、孝感南部、天仙潜、武汉、鄂州、黄石中西部、黄冈南部、咸宁由雨逐步转为冻雨、雪（冰粒），上述地区最低气温≤0℃，请注意防范。,
10112030120260119160900885662612,山东省气象台,2026-01-19T16:09+08:00,山东省气象台继续发布道路结冰橙色预警,2026-01-19T16:09+08:00,2026-01-19T22:09+08:00,update,橙色,Severe,Orange,1021,道路结冰,,,山东省气象台于1月19日16时00分继续发布道路结冰橙色预警：预计19日夜间到20日夜间，鲁南地区有小雪，潍坊和半岛地区局部有小雪，将出现对交通有较大影响的积雪和道路结冰。气温继续下降，20—22日有持续低温天气，全省大部地区最低气温将维持在-10℃以下，其中21日和22日早晨最低气温：鲁西北、鲁中山区和半岛内陆地区-12～-10℃，局部低于-14℃，沿海地区-6～-4℃，其他地区-9～-7℃。,10112030120260116102500620556166
10112030120260119160700578252551,山东省气象台,2026-01-19T16:07+08:00,山东省气象台继续发布寒潮黄色预警,2026-01-19T16:07+08:00,2026-01-20T16:08+08:00,update,黄色,Moderate,Yellow,1005,寒潮,,,山东省气象台于1月19日16时00分继续发布寒潮黄色预警：预计19日夜间到20日夜间，鲁南地区有小雪，潍坊和半岛地区局部有小雪，将出现对交通有较大影响的积雪和道路结冰。气温继续下降，20—22日有持续低温天气，全省大部地区最低气温将维持在-10℃以下，其中21日和22日早晨最低气温：鲁西北、鲁中山区和半岛内陆地区-12～-10℃，局部低于-14℃，沿海地区-6～-4℃，其他地区-9～-7℃。,10112030120260119060800970390651
10112030120260119160600374596877,山东省气象台,2026-01-19T16:06+08:00,山东省气象台继续发布低温黄色预警,2026-01-19T16:06+08:00,2026-01-20T16:06+08:00,update,黄色,Moderate,Yellow,1056,低温,,,山东省气象台于1月19日16时00分继续发布低温黄色预警：预计19日夜间到20日夜间，鲁南地区有小雪，潍坊和半岛地区局部有小雪，将出现对交通有较大影响的积雪和道路结冰。气温继续下降，20—22日有持续低温天气，全省大部地区最低气温将维持在-10℃以下，其中21日和22日早晨最低气温：鲁西北、鲁中山区和半岛内陆地区-12～-10℃，局部低于-14℃，沿海地区-6～-4℃，其他地区-9～-7℃。,10112030120260119060700714069353
10119070120260119155753167029086,江苏省气象台,2026-01-19T15:57+08:00,江苏省气象台发布道路结冰黄色预警,2026-01-19T15:57+08:00,2026-01-20T15:57+08:00,active,黄色,Moderate,Yellow,1021,道路结冰,,,"江苏省气象台2026年01月19日15时55分发布道路结冰黄色预警：
预计未来24小时南京、无锡、徐州、常州、苏州、南通、连云港、淮安、盐城、扬州、镇江、泰州、宿迁将出现对交通有影响的道路结冰，其中徐州影响较为严重。省应急厅（省防减救灾办）、省气象局提醒注意防范。",
10119040420260119172125451077908,昆山市气象台,2026-01-19T17:21+08:00,昆山市气象台发布道路结冰黄色预警,2026-01-19T17:21+08:00,2026-01-20T17:21+08:00,active,黄色,Moderate,Yellow,1021,道路结冰,,,昆山市气象台2026年01月19日17时20分发布道路结冰黄色预警信号：预计今天夜里到明天，我市大部分区镇（街道）将出现对交通有影响的道路结冰。市应急局、气象局联合提醒注意防范。,
10119050420260120083836750246384,江苏省气象台,2026-01-20T08:38+08:00,江苏省气象台发布道路结冰橙色预警,2026-01-20T08:38+08:00,2026-01-21T08:38+08:00,update,橙色,Severe,Orange,1021,道路结冰,,,"江苏省气象台2026年01月20日08时37分升级发布道路结冰橙色预警：
预计未来24小时，徐州有严重影响的道路结冰，南京、连云港、淮安、盐城、扬州、镇江、泰州、宿迁有较严重影响的道路结冰，常州、南通、无锡、苏州有道路结冰。省应急厅（省防减救灾办）、省气象局提醒注意防范。",10119050420260119155753892114916
10119030120260120084947112585294,镇江市气象台,2026-01-20T08:49+08:00,镇江市气象台发布道路结冰橙色预警,2026-01-20T08:49+08:00,2026-01-20T14:49+08:00,update,橙色,Severe,Orange,1021,道路结冰,,,镇江市气象台2026年01月20日08时44分升级发布道路结冰橙色预警信号：预计未来24小时全市大部分街道（镇）将出现对交通有较严重影响的道路结冰，市应急局和气象局提醒注意防范。,10119030120260119172908152349991
10130110120260120085347493014791,钦州市气象台,2026-01-20T08:53+08:00,钦州市气象台发布大风蓝色预警信号,2026-01-20T08:53+08:00,2026-01-21T08:53+08:00,active,蓝色,Minor,Blue,1006,大风,,,钦州市气象台2026年1月20日8时53分发布钦北区、钦南区、中马产业园区大风蓝色预警信号：受冷空气影响，预计未来24小时钦州内陆有阵风7级，沿海及北部湾海面有阵风7-8级的偏北大风，请注意防范。,
10112030120260120060600073778478,山东省气象台,2026-01-20T06:06+08:00,山东省气象台继续发布道路结冰橙色预警,2026-01-20T06:06+08:00,2026-01-20T12:13+08:00,update,橙色,Severe,Orange,1021,道路结冰,,,山东省气象台于1月20日06时00分继续发布道路结冰橙色预警：预计20日白天到夜间，烟台北部和威海天气多云间阴有小雪局部中雪，其他地区天气晴间多云。受降雪影响，鲁南和半岛北部地区出现对交通有较大影响的积雪和道路结冰。20—22日有持续低温天气，全省大部地区最低气温将维持在-10℃以下，其中21日和22日早晨最低气温：鲁西北、鲁中山区和半岛内陆地区-12～-10℃，局部低于-14℃，沿海地区-6～-4℃，其他地区-9～-7℃。,10112030120260116102500620556166
10112030120260120060500744154802,山东省气象台,2026-01-20T06:05+08:00,山东省气象台继续发布寒潮黄色预警,2026-01-20T06:05+08:00,2026-01-21T06:12+08:00,update,黄色,Moderate,Yellow,1005,寒潮,,,山东省气象台于1月20日06时00分继续发布寒潮黄色预警：预计20日白天到夜间，烟台北部和威海天气多云间阴有小雪局部中雪，其他地区天气晴间多云。受降雪影响，鲁南和半岛北部地区出现对交通有较大影响的积雪和道路结冰。20—22日有持续低温天气，全省大部地区最低气温将维持在-10℃以下，其中21日和22日早晨最低气温：鲁西北、鲁中山区和半岛内陆地区-12～-10℃，局部低于-14℃，沿海地区-6～-4℃，其他地区-9～-7℃。,10112030120260119160700578252551
10112030120260120060500020426988,山东省气象台,2026-01-20T06:05+08:00,山东省气象台继续发布低温黄色预警,2026-01-20T06:05+08:00,2026-01-21T06:11+08:00,update,黄色,Moderate,Yellow,1056,低温,,,山东省气象台于1月20日06时00分继续发布低温黄色预警：预计20日白天到夜间，烟台北部和威海天气多云间阴有小雪局部中雪，其他地区天气晴间多云。受降雪影响，鲁南和半岛北部地区出现对交通有较大影响的积雪和道路结冰。20—22日有持续低温天气，全省大部地区最低气温将维持在-10℃以下，其中21日和22日早晨最低气温：鲁西北、鲁中山区和半岛内陆地区-12～-10℃，局部低于-14℃，沿海地区-6～-4℃，其他地区-9～-7℃。,10112030120260119160600374596877
10119070120260120083836865605805,江苏省气象台,2026-01-20T08:38+08:00,江苏省气象台发布道路结冰橙色预警,2026-01-20T08:38+08:00,2026-01-21T08:38+08:00,update,橙色,Severe,Orange,1021,道路结冰,,,"江苏省气象台2026年01月20日08时37分升级发布道路结冰橙色预警：
预计未来24小时，徐州有严重影响的道路结冰，南京、连云港、淮安、盐城、扬州、镇江、泰州、宿迁有较严重影响的道路结冰，常州、南通、无锡、苏州有道路结冰。省应急厅（省防减救灾办）、省气象局提醒注意防范。",10119070120260119155753167029086
10119040420260120083836072551678,江苏省气象台,2026-01-20T08:38+08:00,江苏省气象台发布道路结冰橙色预警,2026-01-20T08:38+08:00,2026-01-21T08:38+08:00,update,橙色,Severe,Orange,1021,道路结冰,,,"江苏省气象台2026年01月20日08时37分升级发布道路结冰橙色预警：
预计未来24小时，徐州有严重影响的道路结冰，南京、连云港、淮安、盐城、扬州、镇江、泰州、宿迁有较严重影响的道路结冰，常州、南通、无锡、苏州有道路结冰。省应急厅（省防减救灾办）、省气象局提醒注意防范。",10119040420260119155753481500860
10119050420260120165257780717565,如东县气象台,2026-01-20T16:52+08:00,如东县气象台发布道路结冰黄色预警,2026-01-20T16:52+08:00,2026-01-21T16:52+08:00,update,黄色,Moderate,Yellow,1021,道路结冰,,,如东县气象台2026年01月20日16时50分继续发布道路结冰黄色预警信号：预计20日夜里到21日我县部分地区仍将出现对交通有影响的道路结冰。县应急局、县气象局提醒注意防范。,10119050420260119170220085318998
10130110120260120170000992324052,广西壮族自治区气象台,2026-01-20T17:00+08:00,广西壮族自治区气象台更新冰冻黄色预警信号,2026-01-20T17:00+08:00,2026-01-21T17:00+08:00,update,黄色,Moderate,Yellow,1027,冰冻,,,广西区气象台2026年1月20日17时00分继续发布冰冻黄色预警，预计：未来24小时，高寒山区和桂林、柳州、河池、贺州、来宾等市局地有冰冻、冻雨和道路结冰。最低气温：高寒山区-6～-1℃，桂北-1～6℃，桂中、桂南7～12℃。请注意防范。,10130110120260119170000753294988
10128130120260120171300159374496,清远市气象台,2026-01-20T17:13+08:00,清远市气象台发布寒冷橙色预警,2026-01-20T17:13+08:00,2026-01-21T17:13+08:00,update,橙色,Severe,Orange,1034,寒冷,,,受强冷空气影响，预计未来几天我区日平均气温将降至10℃左右，清远市气象台于1月20日17时13分将清城区寒冷黄色预警信号升级为橙色，请注意防寒保暖。,10128130120260119170600965885619
10120040120260120152501934410757,湖北省气象台,2026-01-20T15:25+08:00,湖北省气象台发布低温雨雪冰冻黄色预警,2026-01-20T20:00+08:00,2026-01-21T20:00+08:00,active,黄色,Moderate,Yellow,1030,低温雨雪冰冻,,,湖北省气象台2026年01月20日15时25分发布低温雨雪冰冻黄色省级预警：预计1月20日20时至21日20时，全省大部分地区有积雪，最低气温≤0℃，鄂西北、鄂西南、鄂东南部分地区仍有小雪，请注意防范。,
10112030120260120165600370339864,淄博市气象台,2026-01-20T16:56+08:00,淄博市气象台发布低温黄色预警,2026-01-20T16:56+08:00,2026-01-21T16:56+08:00,update,黄色,Moderate,Yellow,1056,低温,,,淄博市气象台2026年01月20日16时56分继续发布低温黄色预警信号：预计21至22日，张店区、高新区、经开区的全部乡镇、街道气温仍较低，最低气温-13～-11℃，21日白天最高气温-3℃左右，22日白天气温开始缓慢回升。请注意防范。,10112030120260118163700416331641
10112030120260120160900276901177,山东省气象台,2026-01-20T16:09+08:00,山东省气象台继续发布道路结冰橙色预警,2026-01-20T16:09+08:00,2026-01-20T22:10+08:00,update,橙色,Severe,Orange,1021,道路结冰,,,山东省气象台于1月20日16时00分继续发布道路结冰橙色预警：预计20日夜间，烟台北部和威海天气多云间阴有小雪局部中雪，其他地区天气晴间多云。受降雪影响，鲁南和半岛北部地区仍将出现对交通有较大影响的积雪和道路结冰。,10112030120260116102500620556166
10119040420260120162727228366241,昆山市气象台,2026-01-20T16:27+08:00,昆山市气象台发布道路结冰黄色预警,2026-01-20T16:27+08:00,2026-01-21T16:27+08:00,update,黄色,Moderate,Yellow,1021,道路结冰,,,昆山市气象台2026年01月20日16时26分继续发布道路结冰黄色预警信号：预计今天夜里到明天，我市大部分区镇（街道）仍将出现对交通有影响的道路结冰。市应急局、气象局联合提醒注意防范。,10119040420260119172125451077908
10119050420260121091551847571683,江苏省气象台,2026-01-21T09:15+08:00,江苏省气象台发布道路结冰黄色预警,2026-01-21T09:15+08:00,2026-01-22T09:15+08:00,update,黄色,Moderate,Yellow,1021,道路结冰,,,"江苏省气象台2026年01月21日09时15分变更发布道路结冰黄色预警：
预计未来24小时南京、徐州、常州、连云港、淮安、盐城、扬州、镇江、泰州、宿迁将出现对交通有影响的道路结冰，其中徐州影响较为严重。省应急厅（省防减救灾办）、省气象局提醒注意防范。",10119050420260119155753892114916
10119030120260121092121160204875,镇江市气象台,2026-01-21T09:21+08:00,镇江市气象台发布道路结冰黄色预警,2026-01-21T09:21+08:00,2026-01-21T21:21+08:00,update,黄色,Moderate,Yellow,1021,道路结冰,,,镇江市气象台2026年01月21日09时20分变更发布道路结冰黄色预警信号：预计未来24小时全市部分街道（镇）仍将出现对交通有一定影响的道路结冰，市应急局和气象局提醒注意防范。,10119030120260119172908152349991
10130110120260121085043999669032,钦州市气象台,2026-01-21T08:50+08:00,钦州市气象台更新大风蓝色预警信号,2026-01-21T08:50+08:00,2026-01-22T08:50+08:00,update,蓝色,Minor,Blue,1006,大风,,,钦州市气象台2026年1月21日8时50分继续发布钦北区、钦南区、中马产业园区大风蓝色预警信号：受冷空气影响，预计未来24小时钦州内陆有阵风7级，沿海及北部湾海面有阵风7-8级的偏北大风，请注意防范。,10130110120260120085347493014791
10112030120260121061700850345272,山东省气象台,2026-01-21T06:17+08:00,山东省气象台继续发布低温黄色预警,2026-01-21T06:17+08:00,2026-01-22T06:18+08:00,update,黄色,Moderate,Yellow,1056,低温,,,山东省气象台于1月21日06时00分继续发布低温黄色预警：预计21—22日仍将有持续低温天气，22日早晨最低气温：滨州、东营、枣庄、鲁中山区和半岛内陆地区-12～-10℃，沿海地区-7～-5℃，其他地区-10～-8℃。,10112030120260116102600470183585
10112030120260121061600443365277,山东省气象台,2026-01-21T06:16+08:00,山东省气象台继续发布道路结冰橙色预警,2026-01-21T06:16+08:00,2026-01-21T12:16+08:00,update,橙色,Severe,Orange,1021,道路结冰,,,山东省气象台于1月21日06时00分继续发布道路结冰橙色预警：预计21日白天到夜间，烟台北部和威海天气多云间阴有小雪，其他地区天气晴间多云。受降雪影响，鲁南和半岛北部地区仍将出现对交通有较大影响的积雪和道路结冰。,10112030120260116102500620556166
10119070120260121091551391202501,江苏省气象台,2026-01-21T09:15+08:00,江苏省气象台发布道路结冰黄色预警,2026-01-21T09:15+08:00,2026-01-22T09:15+08:00,update,黄色,Moderate,Yellow,1021,道路结冰,,,"江苏省气象台2026年01月21日09时15分变更发布道路结冰黄色预警：
预计未来24小时南京、徐州、常州、连云港、淮安、盐城、扬州、镇江、泰州、宿迁将出现对交通有影响的道路结冰，其中徐州影响较为严重。省应急厅（省防减救灾办）、省气象局提醒注意防范。",10119070120260119155753167029086
10119040420260121091551962458240,江苏省气象台,2026-01-21T09:15+08:00,江苏省气象台发布道路结冰黄色预警,2026-01-21T09:15+08:00,2026-01-22T09:15+08:00,update,黄色,Moderate,Yellow,1021,道路结冰,,,"江苏省气象台2026年01月21日09时15分变更发布道路结冰黄色预警：
预计未来24小时南京、徐州、常州、连云港、淮安、盐城、扬州、镇江、泰州、宿迁将出现对交通有影响的道路结冰，其中徐州影响较为严重。省应急厅（省防减救灾办）、省气象局提醒注意防范。",10119040420260119155753481500860
10130110120260121170000808593240,广西壮族自治区气象台,2026-01-21T17:00+08:00,广西壮族自治区气象台更新冰冻黄色预警信号,2026-01-21T17:00+08:00,2026-01-22T17:00+08:00,update,黄色,Moderate,Yellow,1027,冰冻,,,广西区气象台2026年1月21日17时00分继续发布冰冻黄色预警，预计：未来24小时，高寒山区和桂林、柳州、河池、百色、贺州、来宾等市局地有冰冻、冻雨和道路结冰。最低气温：高寒山区-7～-1℃，桂北-1～4℃，桂中、桂南5～11℃。请注意防范。,10130110120260119170000753294988
10130110120260121154010041548120,钦州市气象台,2026-01-21T15:40+08:00,钦州市气象台发布寒潮蓝色预警信号,2026-01-21T15:40+08:00,2026-01-22T15:40+08:00,active,蓝色,Minor,Blue,1005,寒潮,,,钦州市气象台2026年1月21日15时40分发布寒潮蓝色预警信号：受强冷空气影响，预计24小时内钦州部分地区将出现寒潮天气过程，日平均气温下降8℃以上，且日平均气温降至7℃以下，请做好防寒保暖工作，取暖和使用燃气热水器注意通风，谨防一氧化碳中毒。,
10120040120260121161207324986290,孝感市气象台,2026-01-21T16:12+08:00,孝感市气象台发布道路结冰黄色预警,2026-01-21T16:12+08:00,2026-01-22T16:12+08:00,active,黄色,Moderate,Yellow,1021,道路结冰,,,孝感市气象台2026年01月21日16时12分发布道路结冰黄色预警信号：预计今天晚上到明天上午，受持续低温和残留积雪影响，我市部分乡镇（街道）仍有对交通有影响的道路结冰，请注意防范。,
10112030120260121161400057403035,山东省气象台,2026-01-21T16:14+08:00,山东省气象台继续发布道路结冰橙色预警,2026-01-21T16:14+08:00,2026-01-21T22:14+08:00,update,橙色,Severe,Orange,1021,道路结冰,,,山东省气象台于1月21日16时00分继续发布道路结冰橙色预警：预计21日夜间，烟台北部和威海天气多云间阴局部有小雪，其他地区天气晴间多云。受降雪和持续低温影响，鲁南和半岛北部地区仍有对交通有较大影响的积雪和道路结冰。,10112030120260116102500620556166
10112030120260121161300551602313,山东省气象台,2026-01-21T16:13+08:00,山东省气象台继续发布低温黄色预警,2026-01-21T16:13+08:00,2026-01-22T16:14+08:00,update,黄色,Moderate,Yellow,1056,低温,,,山东省气象台于1月21日16时00分继续发布低温黄色预警：预计22日早晨最低气温：滨州、东营、枣庄、鲁中山区和半岛内陆地区-13～-11℃，聊城、菏泽和沿海地区-7～-5℃，其他地区-10～-8℃。,10112030120260121061700850345272
10131020520260121185909651806337,洋浦气象台,2026-01-21T18:59+08:00,洋浦气象台发布大风蓝色预警,2026-01-21T18:59+08:00,2026-01-22T18:59+08:00,active,蓝色,Minor,Blue,1006,大风,,,洋浦气象台2026年01月21日18时59分发布大风蓝色预警信号：受冷空气影响，我区21日19时10分到22日19时平均风力可达5～6级以上、阵风7～8级，建议有关单位和人员做好防范工作。,
10130110120260122091012566362386,钦州市气象台,2026-01-22T09:10+08:00,钦州市气象台更新大风蓝色预警信号,2026-01-22T09:10+08:00,2026-01-23T09:10+08:00,update,蓝色,Minor,Blue,1006,大风,,,钦州市气象台2026年1月22日9时10分继续发布钦南区、中马产业园区大风蓝色预警信号：受冷空气影响，预计24小时内钦州沿海及北部湾海面仍有5到6级、阵风7到8级偏北大风，请注意防范。,10130110120260120085347493014791
10130110120260122170000337175544,广西壮族自治区气象台,2026-01-22T17:00+08:00,广西壮族自治区气象台更新冰冻黄色预警信号,2026-01-22T17:00+08:00,2026-01-23T17:00+08:00,update,黄色,Moderate,Yellow,1027,冰冻,,,广西区气象台2026年1月22日17时00分继续发布冰冻黄色预警，预计：未来24小时，高寒山区和桂林、柳州、河池、百色、贺州等市局地有冰冻和道路结冰。最低气温：高寒山区-6～-1℃，桂北-1～4℃，桂中、桂南5～10℃。请注意防范。,10130110120260119170000753294988
10119050420260125015241371933913,如东县气象台,2026-01-25T01:52+08:00,如东县气象台发布大雾橙色预警,2026-01-25T01:52+08:00,2026-01-25T07:52+08:00,active,橙色,Severe,Orange,1017,大雾,,,如东县气象台2026年01月25日01时47分发布大雾橙色预警信号：预计今天凌晨到早晨我县城中、洋口、苴镇等部分镇（区、街道）将出现能见度小于200米的强浓雾，预计大雾将于8时前后消散。县应急局、县气象局提醒做好防范。,
10130110120260125170000540772212,广西壮族自治区气象台,2026-01-25T17:00+08:00,广西壮族自治区气象台发布大雾蓝色预警信号,2026-01-25T17:00+08:00,2026-01-26T17:00+08:00,active,蓝色,Minor,Blue,1017,大雾,,,广西区气象台2026年1月25日17时00分发布大雾蓝色预警，预计：未来24小时，南宁、来宾、柳州、河池、百色、崇左、防城港等市的部分地区有能见度不足1000米的雾，局地有能见度不足200米的强浓雾。请注意防范。,
10120040120260125160211072793730,孝感市气象台,2026-01-25T16:02+08:00,孝感市气象台发布大雾黄色预警,2026-01-25T16:02+08:00,2026-01-26T16:02+08:00,active,黄色,Moderate,Yellow,1017,大雾,,,孝感市气象台2026年01月25日16时02分发布大雾黄色预警信号：受降水影响，预计今天下午到明天早晨，我市部分乡镇（街道）将出现能见度小于500米的雨雾，请注意防范。,
10120040120260126084014520238524,孝感市气象台,2026-01-26T08:40+08:00,孝感市气象台发布霾黄色预警,2026-01-26T08:40+08:00,2026-01-27T08:40+08:00,active,黄色,Moderate,Yellow,1019,霾,,,孝感市气象台2026年01月26日08时40分发布霾黄色预警信号：目前，我市大部地区已出现轻到中度霾，局部重度霾，预计未来24小时仍将持续，请注意防范。,
10120040120260126224912486097356,孝感市气象台,2026-01-26T22:49+08:00,孝感市气象台发布大雾黄色预警,2026-01-26T22:49+08:00,2026-01-27T22:49+08:00,active,黄色,Moderate,Yellow,1017,大雾,,,孝感市气象台2026年01月26日22时49分发布大雾黄色预警信号：预计今天晚上至明天上午，我市部分乡镇（街道）将出现能见度小于500米，局地小于200米的雾，请注意防范。,
10120040120260127184910790262020,孝感市气象台,2026-01-27T18:49+08:00,孝感市气象台发布大雾黄色预警,2026-01-27T18:49+08:00,2026-01-28T18:49+08:00,active,黄色,Moderate,Yellow,1017,大雾,,,孝感市气象台2026年01月27日18时49分发布大雾黄色预警信号：预计今天晚上至明天上午，我市部分乡镇（街道）将出现能见度小于500米，局地小于200米的雾，请注意防范。,
10130110120260129170000079356673,广西壮族自治区气象台,2026-01-29T17:00+08:00,广西壮族自治区气象台发布大雾蓝色预警信号,2026-01-29T17:00+08:00,2026-01-30T17:00+08:00,active,蓝色,Minor,Blue,1017,大雾,,,广西区气象台2026年1月29日17时00分发布大雾蓝色预警，预计：未来24小时，百色、河池、柳州、桂林、来宾、崇左、南宁、防城港、钦州、玉林等市的部分地区有能见度不足1000米的雾，局地有能见度不足200米的强浓雾。请注意防范。,
10130110120260130164350571978407,钦州市气象台,2026-01-30T16:43+08:00,钦州市气象台发布大风蓝色预警信号,2026-01-30T16:43+08:00,2026-01-31T16:43+08:00,active,蓝色,Minor,Blue,1006,大风,,,钦州市气象台2026年1月30日16时43分发布钦北区、钦南区、中马产业园区大风蓝色预警信号：受冷空气影响，预计未来24小时钦州内陆有阵风6-7级，沿海及北部湾海面有阵风7-8级的偏北大风，请注意防范。,
10119050420260204085409211664977,江苏省气象台,2026-02-04T08:54+08:00,江苏省气象台发布寒潮蓝色预警,2026-02-04T08:54+08:00,2026-02-06T08:54+08:00,active,蓝色,Minor,Blue,1005,寒潮,,,"江苏省气象台2026年02月04日08时53分发布寒潮蓝色预警：
受强冷空气影响，预计5-7日，南京、无锡、徐州、常州、苏州、南通、连云港、淮安、盐城、扬州、镇江、泰州、宿迁等地区48小时最低气温将下降8～10℃，并伴有陆上5-7级，江河湖库及近海海面8-9级的东北风。省应急厅（省防减救灾办）、省气象局提醒注意防范。",
10119030120260204085409748956590,江苏省气象台,2026-02-04T08:54+08:00,江苏省气象台发布寒潮蓝色预警,2026-02-04T08:54+08:00,2026-02-06T08:54+08:00,active,蓝色,Minor,Blue,1005,寒潮,,,"江苏省气象台2026年02月04日08时53分发布寒潮蓝色预警：
受强冷空气影响，预计5-7日，南京、无锡、徐州、常州、苏州、南通、连云港、淮安、盐城、扬州、镇江、泰州、宿迁等地区48小时最低气温将下降8～10℃，并伴有陆上5-7级，江河湖库及近海海面8-9级的东北风。省应急厅（省防减救灾办）、省气象局提醒注意防范。",
10119070120260204085409803131054,江苏省气象台,2026-02-04T08:54+08:00,江苏省气象台发布寒潮蓝色预警,2026-02-04T08:54+08:00,2026-02-06T08:54+08:00,active,蓝色,Minor,Blue,1005,寒潮,,,"江苏省气象台2026年02月04日08时53分发布寒潮蓝色预警：
受强冷空气影响，预计5-7日，南京、无锡、徐州、常州、苏州、南通、连云港、淮安、盐城、扬州、镇江、泰州、宿迁等地区48小时最低气温将下降8～10℃，并伴有陆上5-7级，江河湖库及近海海面8-9级的东北风。省应急厅（省防减救灾办）、省气象局提醒注意防范。",
10119040420260204085409717643087,江苏省气象台,2026-02-04T08:54+08:00,江苏省气象台发布寒潮蓝色预警,2026-02-04T08:54+08:00,2026-02-06T08:54+08:00,active,蓝色,Minor,Blue,1005,寒潮,,,"江苏省气象台2026年02月04日08时53分发布寒潮蓝色预警：
受强冷空气影响，预计5-7日，南京、无锡、徐州、常州、苏州、南通、连云港、淮安、盐城、扬州、镇江、泰州、宿迁等地区48小时最低气温将下降8～10℃，并伴有陆上5-7级，江河湖库及近海海面8-9级的东北风。省应急厅（省防减救灾办）、省气象局提醒注意防范。",
10112030120260204154700347116847,淄博市气象台,2026-02-04T15:47+08:00,淄博市气象台发布寒潮蓝色预警,2026-02-04T15:47+08:00,2026-02-05T15:47+08:00,active,蓝色,Minor,Blue,1005,寒潮,,,淄博市气象台2026年02月04日15时47分发布寒潮蓝色预警信号：受冷空气影响，预计5—7日，张店区、高新区、经开区的全部乡镇、街道将出现寒潮天气，最低气温降温幅度7～9℃，7日早晨最低气温降至-9～-7℃。另外，5日有平均风力4～5级阵风7～8级的偏北大风。请注意防范。,
10119050420260205102134213867806,南通市气象台,2026-02-05T10:21+08:00,南通市气象台发布寒潮蓝色预警,2026-02-05T10:21+08:00,2026-02-06T10:21+08:00,active,蓝色,Minor,Blue,1005,寒潮,,,南通市气象台2026年02月05日10时19分发布寒潮蓝色预警信号。受较强冷空气影响，预计5-7日我市中南部地区48小时最低气温将下降8℃左右，北部地区下降6到7℃，8-9日早晨最低气温-4到-5℃，有冰冻；5日夜里到6日伴有陆上和沿江江面5-7级、沿岸海区7-9级的偏北大风。市应急局、市气象局提醒注意防范。,
10119030120260205090542084273722,镇江市气象台,2026-02-05T09:05+08:00,镇江市气象台发布寒潮蓝色预警,2026-02-05T09:05+08:00,2026-02-07T09:05+08:00,active,蓝色,Minor,Blue,1005,寒潮,,,镇江市气象台2026年02月05日08时55分发布寒潮蓝色预警信号：受强冷空气影响，预计5-7日全市大部分街道（镇）48小时最低气温将下降8~10℃，并伴有5~7级的东北大风，7-9日早晨最低气温-4℃左右，有冰冻，市应急局和气象局提醒注意防范。,
10119040420260205095705499055107,昆山市气象台,2026-02-05T09:57+08:00,昆山市气象台发布寒潮蓝色预警,2026-02-05T09:57+08:00,2026-02-07T09:57+08:00,active,蓝色,Minor,Blue,1005,寒潮,,,昆山市气象台2026年02月05日09时55分发布寒潮蓝色预警信号：受强冷空气影响，预计5-7日我市大部分区镇（街道）48小时最低气温将下降8～9℃，并伴有陆上5～7级、水面8级的东北大风，8-9日最低气温零下3℃～零下4℃，有冰冻，市应急局、气象局联合提醒注意防范。,
10130110120260205221512448798825,钦州市气象台,2026-02-05T22:15+08:00,钦州市气象台发布大雾黄色预警信号,2026-02-05T22:15+08:00,2026-02-06T22:15+08:00,active,黄色,Moderate,Yellow,1017,大雾,,,钦州市气象台2026年2月5日22时15分发布中马产业园区、钦南区、钦北区大雾黄色预警信号：预计未来12小时内沿海地区及近海海面、中马产业园区、钦南区和钦北区部分乡镇将出现能见度小于500米的大雾天气，将对航运交通等造成不利影响，请注意防范。,
10119050420260206055646808626090,如东县气象台,2026-02-06T05:56+08:00,如东县气象台发布海区大风黄色预警,2026-02-06T05:56+08:00,2026-02-07T05:56+08:00,active,黄色,Moderate,Yellow,1062,海区大风,,,如东县气象台2026年02月06日05时52分发布海区大风黄色预警信号：受冷空气影响，预计今天白天我县海区将出现阵风9级左右的东北大风，县应急局、县气象局提醒注意防范。,
10120040120260206101925035078144,孝感市气象台,2026-02-06T10:19+08:00,孝感市气象台发布大风蓝色预警,2026-02-06T10:19+08:00,2026-02-07T10:19+08:00,active,蓝色,Minor,Blue,1006,大风,,,孝感市气象台2026年02月06日10时19分发布大风蓝色预警信号：预计今天白天到夜间，我市大部分乡镇（街道）将出现3到5级偏北风，阵风6到8级，请注意防范。,
10119050420260206190518925408183,江苏省气象台,2026-02-06T19:05+08:00,江苏省气象台发布道路结冰黄色预警,2026-02-06T19:05+08:00,2026-02-07T19:05+08:00,active,黄色,Moderate,Yellow,1021,道路结冰,,,"江苏省气象台2026年02月06日19时03分发布道路结冰黄色预警：
预计未来24小时南京、无锡、常州、扬州南部、镇江、泰州南部等地的部分地区将出现对交通有影响的道路结冰。省应急厅（省防减救灾办）、省气象局提醒注意防范。",
10119030120260206191649651383010,镇江市气象台,2026-02-06T19:16+08:00,镇江市气象台发布道路结冰黄色预警,2026-02-06T19:16+08:00,2026-02-07T07:16+08:00,active,黄色,Moderate,Yellow,1021,道路结冰,,,镇江市气象台2026年02月06日19时12分发布道路结冰黄色预警信号：预计今天夜里到明天，全市大部分街道（镇）将出现对交通有影响的道路结冰，市应急局和气象局提醒注意防范。,
10128130120260206165000999576285,清远市气象台,2026-02-06T16:50+08:00,清远市气象台发布寒冷黄色预警,2026-02-06T16:50+08:00,2026-02-07T16:50+08:00,active,黄色,Moderate,Yellow,1034,寒冷,,,预计冷空气将于今天夜间抵达清城区，气温逐渐下降，体感转寒冷，清远市气象台2月6日16时50分发布清城区寒冷黄色预警信号，请注意防寒保暖。,
10119070120260206190518595815465,江苏省气象台,2026-02-06T19:05+08:00,江苏省气象台发布道路结冰黄色预警,2026-02-06T19:05+08:00,2026-02-07T19:05+08:00,active,黄色,Moderate,Yellow,1021,道路结冰,,,"江苏省气象台2026年02月06日19时03分发布道路结冰黄色预警：
预计未来24小时南京、无锡、常州、扬州南部、镇江、泰州南部等地的部分地区将出现对交通有影响的道路结冰。省应急厅（省防减救灾办）、省气象局提醒注意防范。",
10119040420260206190518893037233,江苏省气象台,2026-02-06T19:05+08:00,江苏省气象台发布道路结冰黄色预警,2026-02-06T19:05+08:00,2026-02-07T19:05+08:00,active,黄色,Moderate,Yellow,1021,道路结冰,,,"江苏省气象台2026年02月06日19时03分发布道路结冰黄色预警：
预计未来24小时南京、无锡、常州、扬州南部、镇江、泰州南部等地的部分地区将出现对交通有影响的道路结冰。省应急厅（省防减救灾办）、省气象局提醒注意防范。",
10130110120260207012256865842196,钦州市气象台,2026-02-07T01:22+08:00,钦州市气象台发布大雾橙色预警信号,2026-02-07T01:22+08:00,2026-02-08T01:22+08:00,active,橙色,Severe,Orange,1017,大雾,,,钦州市气象台2月7日1时27分发布中马产业园区、钦南区大雾橙色预警信号：预计12小时内沿海地区及近海海面、中马产业园区、钦南区部分乡镇将出现能见度小于200米的浓雾天气，将对航运交通等造成不利影响，请注意防范。,
10130110120260206230847128184531,钦州市气象台,2026-02-06T23:08+08:00,钦州市气象台发布大风蓝色预警信号,2026-02-06T23:08+08:00,2026-02-07T23:08+08:00,active,蓝色,Minor,Blue,1006,大风,,,钦州市气象台2026年2月6日23时8分发布钦北区、钦南区、中马产业园区大风蓝色预警信号：受冷空气影响，预计未来24小时钦州内陆有阵风6-7级，沿海及北部湾海面有阵风7-8级的偏北大风，请注意防范。,
10131020520260206225619072796300,洋浦气象台,2026-02-06T22:56+08:00,洋浦气象台发布大雾黄色预警,2026-02-06T22:56+08:00,2026-02-07T22:56+08:00,active,黄色,Moderate,Yellow,1017,大雾,,,洋浦气象台2026年02月06日22时56分发布大雾黄色预警信号：受东南气流影响，我区07日03时到09时可能出现能见度小于500米的雾，建议交通部门注意做好防范措施。,
10119050420260207142047354172546,南通市气象台,2026-02-07T14:20+08:00,南通市气象台发布海区大风黄色预警,2026-02-07T14:20+08:00,2026-02-08T14:20+08:00,active,黄色,Moderate,Yellow,1062,海区大风,,,南通市气象台2026年02月07日14时19分发布海区大风黄色预警信号。受冷空气影响，预计7日下午到8日我市沿岸海区将出现9级左右的偏北大风。市应急局、市气象局提醒注意防范。,
10119050420260207143850237046177,如东县气象台,2026-02-07T14:38+08:00,如东县气象台发布海区大风黄色预警,2026-02-07T14:38+08:00,2026-02-08T14:38+08:00,active,黄色,Moderate,Yellow,1062,海区大风,,,如东县气象台2026年02月07日14时35分发布海区大风黄色预警信号：受冷空气影响，预计今天下午到明天上午如东海区将出现9级左右的偏北大风。县应急局、县气象局提醒注意防范。,
10112030120260207163100105926430,淄博市气象台,2026-02-07T16:31+08:00,淄博市气象台发布低温黄色预警,2026-02-07T16:31+08:00,2026-02-08T16:31+08:00,active,黄色,Moderate,Yellow,1056,低温,,,淄博市气象台2026年02月07日16时31分发布低温黄色预警信号：预计今天夜间到明天早晨，张店区、高新区、经开区的全部乡镇、街道气温较低，最低气温-12～-10℃。8日白天气温回升，最高气温6℃左右。请注意防范。,
